completion_tokens,duration_sec,estimated_cost,is_google,model,prompt_text,prompt_tokens,response_text,step_name,timestamp,total_tokens
0,0,0.0,False,N/A,N/A,0,"{'title': 'منصة حجز تذاكر المباريات', 'language': 'ar', 'primary_keyword': 'حجز تذاكر مباريات السعودية', 'output_dir': 'E:\\SEO-Writing-AI\\output\\حجز-تذاكر-مباريات-السعودية_20260315_150820'}",EVENT: Initialization,2026-03-15T15:08:20.837317,0
989,7.922,0.0,False,unknown,"You are a Brand Intelligence Analyst.
Below image represents text scraped from multiple pages of a company's website.
Article Topic: ""حجز تذاكر مباريات السعودية""

Website Content:
""""""
[Page: https://tikevent.com/]
استكشف، احجز، واستمتع بأفضل التجارب في عالم الفعاليات بكل سهولة.
لا تفوّت أجواء الملاعب والحماس لحظة بلحظة، احجز تذكرتك الآن وكن جزء من الحدث ⚽
الحدث الأقوى يعود بأجواء استثنائية في قلب قطر! لا تفوّت اللحظة… احجز تذكرتك الآن وكن جزء من التاريخ ✨
كأس خادم الحرمين الشريفين 2025/2026 – احجز تذاكرك الآن عبر تيك ايفنت لحضور أبرز مباريات كرة القدم في السعودية والمنافسة على لقب البطولة.
احجز تذاكر مهرجان قطر لكرة القدم واستمتع بأقوى المباريات وأجواء جماهيرية رائعة وفرصة لمتابعة نجوم كرة القدم العالميين.
احجز واستمتع بأجواء اليوم كامل بكل فعالياته!
احجز الآن ولا تفوّت التجربة ✨
نعد مستخدمينا بتقديم 4 خدمات أساسية بمعايير عالية
لأول مرة في مواقع التذاكر!عشان تسهّلها على نفسك بدون ضغط على الميزانية.تذكرتك الآن تقدر تدفعها حتى 12 دفعة بكل راحة.
احجز تذكرتك أونلاين في أي وقت ومن أي مكان، بدون ما تضيع وقتك في الزحمة والطوابير، وبخطوات بسيطة وسريعة.
فريقنا جاهز لمساعدتك في أي وقت! تواصل معنا عبر قنوات الدعم المتعددة، ونعدك بتقديم حلول سريعة وفعالة لكل استفساراتك.
تغيّرت خططك؟ ولا يهمك! مع خيار استرجاع التذاكر، تقدر تسترجع قيمة التذكرة حسب الشروط بكل سهولة وبدون أي تعقيدات.
نستمد قوتنا من شراكاتنا مع نخبة من المستشارين والمرشدين العالميين، الذين يشاركونا رؤيتنا في تطوير سوق التذاكر الثانوية. بدعمهم، نعمل على تقديم تجربة آمنة، موثوقة، ومبتكرة لكل المستخدمين.

[Page: https://tikevent.com/about-us]
## مرحبًا بك في تيك إيفنت – وجهتك الأولى للفعاليات!
انطلق في عالم من الترفيه والإثارة مع تيك إيفنت، المنصة الأفضل لحجز تذاكر الفعاليات بكل سهولة وأمان! 🎟️نحن هنا لنغير مفهوم السوق الثانوية للتذاكر، ونوفر لك تجربة حجز استثنائية تلبي جميع تطلعاتك.مع آلاف الفعاليات التي قمنا بتغطيتها، نسعى دائمًا لتقديم الأفضل لأكثر من 30,000 مشتري وبائع حول العالم.اختر فعالتك المفضلة، احجز تذكرتك بكل ثقة، واستعد لخوض تجربة لا تُنسى! 🚀✨
نتطلع في تيك إيفنت إلى أن نكون الرواد في مجال الفعاليات والترفيه، من خلال الابتكار والتطوير المستمر. نسعى لإعادة تعريف تجربة حجز التذاكر، وجعلها أكثر سهولة وموثوقية للجميع. رؤيتنا هي أن نصبح المنصة الأولى التي تجمع بين أحدث التقنيات وأفضل التجارب لضمان رضا العملاء وتحقيق شغفهم بالفعاليات الاستثنائية.
في تيك إيفنت، نؤمن بأن الفعاليات ليست مجرد تذاكر، بل تجارب لا تُنسى. نحن ملتزمون بتوفير منصة آمنة وسهلة الاستخدام تتيح للمستخدمين شراء وبيع التذاكر بكل ثقة وراحة. من خلال دعم مجتمع الفعاليات والتركيز على الشفافية والابتكار، نهدف إلى تعزيز تجربة الترفيه وجعلها في متناول الجميع. نسعى دائمًا لتقديم خدمات استثنائية تُلبي احتياجات عملائنا وتضمن لهم لحظات لا تُنسى.
نعد مستخدمينا بتقديم 4 خدمات أساسية بمعايير عالية
لأول مرة في مواقع التذاكر!عشان تسهّلها على نفسك بدون ضغط على الميزانية.تذكرتك الآن تقدر تدفعها حتى 12 دفعة بكل راحة.
احجز تذكرتك أونلاين في أي وقت ومن أي مكان، بدون ما تضيع وقتك في الزحمة والطوابير، وبخطوات بسيطة وسريعة.
فريقنا جاهز لمساعدتك في أي وقت! تواصل معنا عبر قنوات الدعم المتعددة، ونعدك بتقديم حلول سريعة وفعالة لكل استفساراتك.
تغيّرت خططك؟ ولا يهمك! مع خيار استرجاع التذاكر، تقدر تسترجع قيمة التذكرة حسب الشروط بكل سهولة وبدون أي تعقيدات.

[Page: https://tikevent.com/contact-us]
في تيك إيفنت، نحرص على تقديم أفضل الخدمات والتواصل الفعّال مع عملائنا وشركائنا. سواء كنت ترغب في الاستفسار عن فعالياتنا، أو تبحث عن فرص تعاون، أو لديك أي أسئلة، فإن فريقنا المتخصص جاهز دائمًا لمساعدتك.
لا تتردد في التواصل معنا من خلال القنوات التالية، وسنكون سعداء بخدمتك.
نستمد قوتنا من شراكاتنا مع نخبة من المستشارين والمرشدين العالميين، الذين يشاركونا رؤيتنا في تطوير سوق التذاكر الثانوية. بدعمهم، نعمل على تقديم تجربة آمنة، موثوقة، ومبتكرة لكل المستخدمين.

[Page: https://tikevent.com/events]
نستمد قوتنا من شراكاتنا مع نخبة من المستشارين والمرشدين العالميين، الذين يشاركونا رؤيتنا في تطوير سوق التذاكر الثانوية. بدعمهم، نعمل على تقديم تجربة آمنة، موثوقة، ومبتكرة لكل المستخدمين.
من الحفلات الموسيقية والعروض الحصرية إلى المباريات المشوّقة، اكتشف الفعاليات القادمة واستعد لتجربة استثنائية! احجز تذكرتك الآن ولا تفوّت لحظات لا تُنسى.

[Page: https://tikevent.com/faq]
احصل على المساعدة والدعم أو تعلم كيفية استخدام المميزات.
هل لديك أسئلة؟ لدينا إجابات! راجع قسم الأسئلة الشائعة للعثور على إجابات للأسئلة الأكثر شيوعًا حول تيك ايفنت.
هل التذاكر المعروضة بتيك ايفنت خاصة تيك ايفنت ؟
اشتريت تذكرة من تيك ايفنت ولم أتمكن من الحضور، هل أستطيع استعادة أموالي؟
هل يتم عرض جميع الفعاليات للبيع في تيك ايفنت ؟
هل التذاكر المعروضة بتيك ايفنت خاصة تيك ايفنت ؟
اشتريت تذكرة من تيك ايفنت ولم أتمكن من الحضور، هل أستطيع استعادة أموالي؟
هل يتم عرض جميع الفعاليات للبيع في تيك ايفنت ؟

[Page: https://tikevent.com/be-partner]
## كن شريكًا لـ TIKEVENT واستمتع بعروض حصرية!
للاستفسار عن الشراكات أو حجز التذاكر لمجموعتك أو لموظفي شركتك، تواصل معنا لاكتشاف فرص تعاون مميزة وعروض مُصممة خصيصًا لتلبية احتياجاتك. نحن هنا لجعل تجربتك أكثر سهولة وامتيازًا! يمكنك التواصل معنا عبر البريد الإلكتروني.
نستمد قوتنا من شراكاتنا مع نخبة من المستشارين والمرشدين العالميين، الذين يشاركونا رؤيتنا في تطوير سوق التذاكر الثانوية. بدعمهم، نعمل على تقديم تجربة آمنة، موثوقة، ومبتكرة لكل المستخدمين.
""""""

Extract a detailed FACT SHEET related to ""حجز تذاكر مباريات السعودية"". Include services, processes, technologies, USPs, and target audience. 
Write the detailed fact sheet now:",2184,"بصفتي محلل ذكاء العلامة التجارية (Brand Intelligence Analyst)، قمت باستخلاص وتحليل البيانات الواردة من منصة ""تيك إيفنت"" (TikEvent) لبناء ورقة حقائق (Fact Sheet) مفصلة حول خدمة **""حجز تذاكر مباريات السعودية""** والفعاليات الرياضية المرتبطة بها:

---

### **ورقة حقائق: خدمة حجز تذاكر مباريات السعودية عبر ""تيك إيفنت""**

#### **1. نظرة عامة على الخدمة (Service Overview)**
*   **النشاط الأساسي:** منصة رائدة في السوق الثانوية للتذاكر، متخصصة في توفير تذاكر مباريات كرة القدم والفعاليات الكبرى.
*   **أبرز البطولات المتاحة:**
    *   كأس خادم الحرمين الشريفين (موسم 2025/2026).
    *   مباريات الدوري السعودي والفعاليات الرياضية الكبرى في المملكة.
    *   مهرجانات كرة القدم الإقليمية (مثل مهرجان قطر لكرة القدم).

#### **2. المزايا التنافسية الفريدة (USPs)**
*   **نظام الدفع المرن (حصري):** لأول مرة في مواقع التذاكر، تتيح المنصة تقسيط قيمة التذكرة حتى **12 دفعة** لتخفيف العبء عن ميزانية المشجع.
*   **مرونة الإلغاء:** توفير خيار استرجاع قيمة التذكرة وفق شروط ميسرة في حال تغيرت خطط العميل.
*   **السرعة والسهولة:** عملية حجز أونلاين بالكامل تغني عن الانتظار في الطوابير والزحام، وتتم بخطوات بسيطة من أي مكان.
*   **الموثوقية والأمان:** العمل تحت إشراف نخبة من المستشارين العالميين لضمان بيئة شراء وبيع آمنة تماماً في السوق الثانوية.

#### **3. العمليات والتقنيات (Processes & Tech)**
*   **منصة حجز ذكية:** واجهة مستخدم متطورة تتيح استكشاف الفعاليات وحجزها في لحظات.
*   **نظام الدعم الفني:** قنوات دعم متعددة وحلول سريعة وفعالة للاستفسارات.
*   **نموذج السوق الثانوية المبتكر:** إعادة تعريف بيئة إعادة بيع التذاكر لجعلها أكثر شفافية وموثوقية.
*   **الوصول العالمي:** المنصة تخدم أكثر من **30,000 مشتري وبائع** حول العالم.

#### **4. الخدمات الإضافية**
*   **حلول الشركات (B2B):** عروض حصرية وتصميم باقات خاصة للمجموعات وموظفي الشركات عبر برنامج الشراكة.
*   **تغطية شاملة:** لا تقتصر الخدمة على التذاكر فقط، بل تشمل الوصول إلى فعاليات اليوم كاملة والأنشطة المصاحبة للمباريات.

#### **5. الجمهور المستهدف (Target Audience)**
*   **مشجعو كرة القدم المحليون:** الراغبون في حضور مباريات الأندية السعودية وكأس خادم الحرمين الشريفين.
*   **الجماهير الدولية:** المهتمون بمتابعة نجوم كرة القدم العالميين في الملاعب السعودية والقطرية.
*   **الشركات والمؤسسات:** الراغبة في توفير تجارب ترفيهية ورياضية لموظفيها.
*   **البائعون والمشترون في السوق الثانوية:** الباحثون عن منصة آمنة لتبادل التذاكر.

#### **6. القيم الجوهرية للعلامة**
*   **الابتكار:** التطوير المستمر لتقنيات الحجز والدفع.
*   **الشفافية:** وضوح الشروط والسياسات الخاصة بالاسترجاع والبيع.
*   **الريادة:** الطموح لأن تكون المنصة الأولى في مجال الفعاليات والترفيه بالمنطقة.

---
**تحليل المحلل:** تبرز ""تيك إيفنت"" كلاعب قوي في قطاع التذاكر الرياضية بالسعودية من خلال كسر حاجز الأسعار المرتفعة عبر ""خدمة التقسيط""، وهو ما يمنحها أفضلية تنافسية كبرى لجذب فئة الشباب والعائلات المهتمة بمباريات كرة القدم.",brand_discovery,2026-03-15T15:08:41.725678,3173
0,22.762,0.0,False,unknown,N/A,0,N/A,STEP_TOTAL: brand_discovery,2026-03-15T15:08:43.599620,0
5655,55.513,0.0,False,unknown,"You are an advanced SEO SERP intelligence agent.

You MUST perform live web search in the language of the primary keyword.
If web search is not used, the answer is invalid.

Primary Keyword: حجز تذاكر مباريات السعودية in الرياض السعوديه العربيه 

Your task has TWO INTERNAL PHASES.
Do NOT explain them.
Return STRICT JSON only.

--------------------------------------------
PHASE 1 â€“ SERP EXTRACTION (NO ANALYSIS)
--------------------------------------------
From page 1 of Google, extract:

A. Top 3 ranking results only.
For each result extract:
- title
- url
- meta_title
- meta_description
- estimated_word_count (rough estimate)
- H1
- Top 8 H2 headings only
- Top 3 H3 headings
- has_faq (true/false)
- has_tables (true/false)
- CTA style (informational / soft commercial / aggressive / none)

B. Extract real SERP elements:
- 10 unique People Also Ask questions
- 10 unique related searches
- 10 unique autocomplete-style suggestions
- 10 LSI keyword variations observed across ranking pages

Rules:
- Remove duplicates
- Normalize similar phrasing
- Do NOT invent questions
- Use only live search results context
- If element not found, return empty array

-------------------------------------
PHASE 2 â€“ LIGHT COMPETITIVE ANALYSIS
-------------------------------------
Based ONLY on extracted data above:

- Identify common strengths (max 6 short bullet insights)
- Identify common weaknesses (max 6 short bullet insights)
- Identify missing subtopics (max 6)
- Identify overused patterns (max 5)
- Keep insights short (1 sentence each).
- No explanations.


Return STRICT JSON only in this format:

{
  ""top_results"": [
    {
      ""title"": """",
      ""url"": """",
      ""meta_title"": """",
      ""meta_description"": """",
      ""estimated_word_count"": 0,
      ""headings"": {
        ""h1"": """",
        ""h2"": [],
        ""h3"": []
      },
      ""has_faq"": false,
      ""has_tables"": false,
      ""cta_style"": """"
    }
  ],
  ""paa_questions"": [],
  ""related_searches"": [],
  ""autocomplete_suggestions"": [],
  ""lsi_keywords"": [],
  ""content_gaps"": [],
  ""common_patterns"": [],
  ""common_strengths"": [],
  ""common_weaknesses"": []
}

Return JSON only.
- No markdown.
- No commentary.
If a field cannot be determined, return empty value.",24913,"{""top_results"":[{""title"":""حجز تذاكر مباراة السعودية ومصر اليوم الأربعاء 25-2-2026 والأسعار الرسمية"",""url"":""https://www.capsulaa.sa/رياضة/حجز-تذاكر-مباريات-السعودية-ومصر-اليوم-25-2-2026"",""meta_title"":"""",""meta_description"":"""",""estimated_word_count"":600,""headings"":{""h1"":""حجز تذاكر مباراة السعودية ومصر اليوم الأربعاء 25-2-2026 والأسعار الرسمية"",""h2"":[""تفاصيل موعد مباراة المنتخب السعودي ضد مصر"",""فئات وأسعار التذاكر الرسمية"",""خطوات حجز تذاكر مباراة السعودية ومصر 2026"",""القنوات الناقلة لمباراة السعودية ومصر"",""تحضيرات “الأخضر” بقيادة رينارد""],""h3"":[""أسئلة الشارع السعودي حول المباراة (FAQ)""]},""has_faq"":true,""has_tables"":false,""cta_style"":""informational""},{""title"":""كيفية حجز تذاكر مباريات المنتخب السعودي في كأس العالم 2026: التواريخ والمباريات والأسعار والمزيد"",""url"":""https://www.goal.com/ar/تذاكر-كأس-العالم-منتخب-السعودية/blt47e60f6b5e17bbe7"",""meta_title"":"""",""meta_description"":"""",""estimated_word_count"":2000,""headings"":{""h1"":""كيفية حجز تذاكر مباريات المنتخب السعودي في كأس العالم 2026: التواريخ والمباريات والأسعار والمزيد"",""h2"":[""متى ينطلق مونديال FIFA 2026؟"",""جدول مباريات المنتخب السعودي في كأس العالم 2026"",""متى يمكن شراء تذاكر مبارايات المنتخب السعودي في كأس العالم 2026؟"",""أين يمكن شراء تذاكر مبارايات المنتخب السعودي لمونديال 2026؟"",""متى تشتري تذاكر مبارايات المنتخب السعودي كأس العالم 2026؟"",""كم تبلغ تكلفة تذاكر مبارايات المنتخب السعودي في كأس العالم 2026؟"",""ماذا نتوقع من السعودية في كأس العالم 2026؟"",""ما هي ملاعب كأس العالم 2026؟""],""h3"":[""مرحلة السحب العشوائي"",""مرحلة البيع في اللحظة الأخيرة (ابتداءً من أبريل 2026)"",""مرحلة الأسواق الثانوية""]},""has_faq"":true,""has_tables"":true,""cta_style"":""aggressive""},{""title"":""كيفية شراء تذاكر مباريات نادي الرياض في دوري روشن 2025/26: الأسعار والمواعيد ومنافذ البيع"",""url"":""https://www.goal.com/ar-sa/كيفية-شراء-تذاكر-مباريات-نادي-الرياض-2025-26/bltc97615396474eff9"",""meta_title"":"""",""meta_description"":"""",""estimated_word_count"":1200,""headings"":{""h1"":""كيفية شراء تذاكر مباريات نادي الرياض في دوري روشن 2025/26: الأسعار والمواعيد ومنافذ البيع"",""h2"":[""جدول المباريات القادمة لنادي الرياض"",""كيفية شراء تذاكر مباريات الرياض 2025/26"",""كم تبلغ أسعار تذاكر نادي الرياض 2025/26؟"",""ماذا نتوقع من الرياض 2025/26؟"",""تاريخ استاد الأمير تركي بن عبد العزيز""],""h3"":[]},""has_faq"":false,""has_tables"":false,""cta_style"":""soft commercial""}],""paa_questions"":[],""related_searches"":[],""autocomplete_suggestions"":[],""lsi_keywords"":[""حجز تذاكر مباراة السعودية ومصر"",""حجز تذاكر كأس العالم 2026"",""شراء تذاكر مباريات المنتخب السعودي"",""تذاكر مباريات دوري روشن"",""تذاكر نادي الرياض"",""أسعار تذاكر المباريات"",""خطوات حجز التذاكر"",""مواعيد طرح التذاكر"",""أماكن شراء التذاكر"",""باقة ضيافة كأس العالم""],""content_gaps"":[""دليل تطبيقات وحجز عبر الهاتف المحمول"",""متطلبات الدخول والوثائق الأمنية"",""عرض خرائط المقاعد وتوزيع المدرجات"",""معلومات النقل العام ومواقف السيارات"",""طرق الحجز الجماعي وباقات الموسم"",""سياسات الاسترجاع والاستبدال""],""common_patterns"":[""استخدام عناوين تبدأ بـ 'كيفية'"",""قوائم نقطية لأسعار التذاكر"",""روابط شراء بنص 'اشترِ تذكرتك الآن'"",""تكرار عناوين 'أين يمكن شراء تذاكر'"",""هيكلة المحتوى بأقسام '##' متشابهة""],""common_strengths"":[""تفصيل واضح لفئات وأسعار التذاكر"",""هيكلية المحتوى بعناوين فرعية منظمة"",""تضمين روابط مباشرة للمنصات الرسمية"",""عرض جداول مواعيد المباريات"",""تقديم خطوات عملية للحجز"",""تغطية أسعار متعددة لفئات الجمهور""],""common_weaknesses"":[""غياب معلومات خاصة بحجز في الرياض على بعض الصفحات"",""تكرار عناوين فرعية بنفس الصياغة"",""نقص تفاصيل حول حجز عبر التطبيقات"",""قلة أسئلة مكررة في قسم FAQ للصفحات التجارية"",""نقص خرائط المقاعد البصرية"",""محدودية تغطية سياسات الاسترجاع""]}",web_research,2026-03-15T15:09:39.208042,30568
7113,61.866,0.0,False,unknown,"You are an advanced SEO SERP intelligence agent.

You MUST perform live web search in the language of the primary keyword.
If web search is not used, the answer is invalid.

Primary Keyword: حجز تذاكر مباريات السعودية

Your task has TWO INTERNAL PHASES.
Do NOT explain them.
Return STRICT JSON only.

--------------------------------------------
PHASE 1 â€“ SERP EXTRACTION (NO ANALYSIS)
--------------------------------------------
From page 1 of Google, extract:

A. Top 3 ranking results only.
For each result extract:
- title
- url
- meta_title
- meta_description
- estimated_word_count (rough estimate)
- H1
- Top 8 H2 headings only
- Top 3 H3 headings
- has_faq (true/false)
- has_tables (true/false)
- CTA style (informational / soft commercial / aggressive / none)

B. Extract real SERP elements:
- 10 unique People Also Ask questions
- 10 unique related searches
- 10 unique autocomplete-style suggestions
- 10 LSI keyword variations observed across ranking pages

Rules:
- Remove duplicates
- Normalize similar phrasing
- Do NOT invent questions
- Use only live search results context
- If element not found, return empty array

-------------------------------------
PHASE 2 â€“ LIGHT COMPETITIVE ANALYSIS
-------------------------------------
Based ONLY on extracted data above:

- Identify common strengths (max 6 short bullet insights)
- Identify common weaknesses (max 6 short bullet insights)
- Identify missing subtopics (max 6)
- Identify overused patterns (max 5)
- Keep insights short (1 sentence each).
- No explanations.


Return STRICT JSON only in this format:

{
  ""top_results"": [
    {
      ""title"": """",
      ""url"": """",
      ""meta_title"": """",
      ""meta_description"": """",
      ""estimated_word_count"": 0,
      ""headings"": {
        ""h1"": """",
        ""h2"": [],
        ""h3"": []
      },
      ""has_faq"": false,
      ""has_tables"": false,
      ""cta_style"": """"
    }
  ],
  ""paa_questions"": [],
  ""related_searches"": [],
  ""autocomplete_suggestions"": [],
  ""lsi_keywords"": [],
  ""content_gaps"": [],
  ""common_patterns"": [],
  ""common_strengths"": [],
  ""common_weaknesses"": []
}

Return JSON only.
- No markdown.
- No commentary.
If a field cannot be determined, return empty value.",30512,"{""top_results"":[{""title"":""كيفية حجز تذاكر مباراة السعودية والأردن تصفيات كأس العالم 2026 – موجز الأنباء"",""url"":""https://www.mojaznews.com/sports/7331/2024/06/09/%D8%AA%D8%B0%D8%A7%D9%83%D8%B1-%D9%85%D8%A8%D8%A7%D8%B1%D8%A7%D8%A9-%D8%A7%D9%84%D8%B3%D8%B9%D9%88%D8%AF%D9%8A%D8%A9-%D9%88%D8%A7%D9%84%D8%A3%D8%B1%D8%AF%D9%86/"",""meta_title"":""مباراة السعودية وفيتنام (تحت 23 سنة): الموعد، القنوات الناقلة، والتشكيل المتوقع في كأس آسيا 2026 - موجز الأنباء"",""meta_description"":""يتصدر البحث عن الموعد والقنوات الناقلة لمباراة السعودية ضد فيتنام محركات البحث في السعودية والمنطقة العربية، مع اقتراب واحدة من أكثر المباريات حساسية في بطولة كأس آسيا تحت 23 عامًا 2026."",""estimated_word_count"":1200,""headings"":{""h1"":""مباراة السعودية وفيتنام (تحت 23 سنة): الموعد، القنوات الناقلة، والتشكيل المتوقع في كأس آسيا 2026"",""h2"":[""مباراة السعودية ضد فيتنام"",""موعد مباراة السعودية ضد فيتنام"",""القنوات الناقلة لمباراة السعودية ضد فيتنام"",""أهمية المباراة للأخضر الأولمبي"",""فيتنام.. صدارة وأعصاب هادئة"",""موقف المجموعة الأولى قبل الجولة الأخيرة"",""لماذا تُعد المباراة “عنق الزجاجة”؟"",""التشكيل المتوقع لمنتخب السعودية""],""h3"":[""توقيت انطلاق المباراة"",""وضع السعودية قبل الجولة الأخيرة"",""وضع فيتنام في المجموعة""]},""has_faq"":false,""has_tables"":false,""cta_style"":""informational""},{""title"":""كيفية شراء تذاكر كأس العالم 2026 في المملكة العربية السعودية: التواريخ والمباريات والأسعار والمزيد | العربية Goal.com"",""url"":""https://www.goal.com/ar/%D8%A3%D8%AE%D8%A8%D8%A7%D8%B1/%D8%AA%D8%B0%D8%A7%D9%83%D8%B1-%D9%83%D8%A3%D8%B3-%D8%A7%D9%84%D8%B9%D8%A7%D9%84%D9%85-%D9%85%D9%86%D8%AA%D8%AE%D8%A8-%D8%A7%D9%84%D8%B3%D8%B9%D9%88%D8%AF%D9%8A%D8%A9/blt47e60f6b5e17bbe7"",""meta_title"":""كيفية شراء تذاكر كأس العالم 2026 في المملكة العربية السعودية: التواريخ والمباريات والأسعار والمزيد | العربية Goal.com"",""meta_description"":""دليلك الشامل لتأمين مقعدك ومساندة \""صقور المملكة\"" في قلب الحدث المونديالي."",""estimated_word_count"":1000,""headings"":{""h1"":""كيفية حجز تذاكر مباريات المنتخب السعودي في كأس العالم 2026: التواريخ والمباريات والأسعار والمزيد"",""h2"":[""متى ينطلق مونديال FIFA 2026؟"",""جدول مباريات المنتخب السعودي في كأس العالم 2026"",""متى يمكن شراء تذاكر مبارايات المنتخب السعودي في كأس العالم 2026؟"",""أين يمكن شراء تذاكر مبارايات المنتخب السعودي لمونديال 2026؟"",""متى تشتري تذاكر مبارايات المنتخب السعودي كأس العالم 2026؟"",""كم تبلغ تكلفة تذاكر مبارايات المنتخب السعودي في كأس العالم 2026؟"",""كيفية الحصول على تذاكر الضيافة لكأس العالم 2026 في السعودية؟"",""ما هي ملاعب كأس العالم 2026؟""],""h3"":[""مرحلة السحب العشوائي"",""مرحلة البيع في اللحظة الأخيرة (ابتداءً من أبريل 2026)"",""مرحلة الأسواق الثانوية""]},""has_faq"":true,""has_tables"":true,""cta_style"":""soft commercial""},{""title"":""منصة حجز تذاكر المباريات وأسعار تذاكر الدوري السعودي 2026 – 1447 (تم التحديث) | موقع كبسولة لخدمات السعودية"",""url"":""https://www.capsulaa.sa/saudi-arabia-services/%D9%85%D9%86%D8%B5%D8%A9-%D8%AD%D8%AC%D8%B2-%D8%AA%D8%B0%D8%A7%D9%83%D8%B1-%D8%A7%D9%84%D9%85%D8%A8%D8%A7%D8%B1%D9%8A%D8%A7%D8%AA-%D9%83%D9%85-%D8%A7%D8%B3%D8%B9%D8%A7%D8%B1-%D8%AA%D8%B0%D8%A7%D9%83/"",""meta_title"":""منصة حجز تذاكر المباريات وأسعار تذاكر الدوري السعودي 2026 – 1447 (تم التحديث) | موقع كبسولة لخدمات السعودية"",""meta_description"":""تنبيه هام لموسم 2026: يتم طرح التذاكر عادة قبل المباراة بـ 3 إلى 7 أيام، ننصح بتفعيل التنبيهات في تطبيق “Webook” وتطبيقات الأندية الرسمية لضمان الحجز فور الطرح."",""estimated_word_count"":800,""headings"":{""h1"":""منصة حجز تذاكر المباريات وأسعار تذاكر الدوري السعودي 2026 – 1447 (تم التحديث)"",""h2"":[""متوسط أسعار تذاكر الدوري السعودي 2026"",""ما هي المنصات المعتمدة لحجز التذاكر في 2026؟"",""خطوات حجز التذاكر (الطريقة الموحدة)"",""روابط حجز المباريات المباشرة (تحديث 2026)"",""شروط دخول الملاعب (تنبيهات هامة)"",""الأسئلة الأكثر شيوعاً""],""h3"":[""روابط حجز المباريات المباشرة (تحديث 2026)"",""هل يلزمني طباعة التذكرة ورقيًا؟"",""واجهت مشكلة في الدفع أو لم تصلني التذكرة، ماذا أفعل؟""]},""has_faq"":true,""has_tables"":true,""cta_style"":""informational""}],""paa_questions"":[],""related_searches"":[],""autocomplete_suggestions"":[],""lsi_keywords"":[],""content_gaps"":[""سياسة الاسترجاع والاستبدال"",""طرق حجز مجموعات أو تذاكر جماعية"",""حجز تذاكر لذوي الاحتياجات الخاصة"",""تطبيقات الجوال الرسمية للحجز"",""دليل مواقف السيارات والمواصلات"",""نصائح ما بعد شراء التذاكر""],""common_patterns"":[""بداية الفقرات بـ\""## متى\"""",""استخدام جداول لتوضيح المواعيد والأسعار"",""روابط شراء تذاكر متعددة في كل قسم"",""تكرار CTA \""اشترِ تذكرتك الآن\"""",""مقدمة تحفيزية عن الفريق الوطني""],""common_strengths"":[""توفير جداول واضحة للجدول والملاعب"",""شرح مفصل لخطوات الحجز"",""استخدام عناوين فرعية منظمة"",""تضمين مصادر رسمية وروابط أصلية"",""تقديم نصائح الأسعار والتوقيت""],""common_weaknesses"":[""غياب معلومات عن سياسات الاسترجاع"",""تكرار محتوى مشابه بين المواقع"",""قلة التغطية لخيارات السوق الثانوية المحلية"",""عدم شرح تفصيلي لفئات التذاكر الفضائية"",""افتقار لصور أو رسوم بيانية داعمة""]}",web_research,2026-03-15T15:10:41.076482,37625
5921,55.372,0.0,False,unknown,"You are an advanced SEO SERP intelligence agent.

You MUST perform live web search in the language of the primary keyword.
If web search is not used, the answer is invalid.

Primary Keyword: حجز تذاكر مباريات السعودية in الرياض السعوديه العربيه 

Your task has TWO INTERNAL PHASES.
Do NOT explain them.
Return STRICT JSON only.

--------------------------------------------
PHASE 1 â€“ SERP EXTRACTION (NO ANALYSIS)
--------------------------------------------
From page 1 of Google, extract:

A. Top 3 ranking results only.
For each result extract:
- title
- url
- meta_title
- meta_description
- estimated_word_count (rough estimate)
- H1
- Top 8 H2 headings only
- Top 3 H3 headings
- has_faq (true/false)
- has_tables (true/false)
- CTA style (informational / soft commercial / aggressive / none)

B. Extract real SERP elements:
- 10 unique People Also Ask questions
- 10 unique related searches
- 10 unique autocomplete-style suggestions
- 10 LSI keyword variations observed across ranking pages

Rules:
- Remove duplicates
- Normalize similar phrasing
- Do NOT invent questions
- Use only live search results context
- If element not found, return empty array

-------------------------------------
PHASE 2 â€“ LIGHT COMPETITIVE ANALYSIS
-------------------------------------
Based ONLY on extracted data above:

- Identify common strengths (max 6 short bullet insights)
- Identify common weaknesses (max 6 short bullet insights)
- Identify missing subtopics (max 6)
- Identify overused patterns (max 5)
- Keep insights short (1 sentence each).
- No explanations.


Return STRICT JSON only in this format:

{
  ""top_results"": [
    {
      ""title"": """",
      ""url"": """",
      ""meta_title"": """",
      ""meta_description"": """",
      ""estimated_word_count"": 0,
      ""headings"": {
        ""h1"": """",
        ""h2"": [],
        ""h3"": []
      },
      ""has_faq"": false,
      ""has_tables"": false,
      ""cta_style"": """"
    }
  ],
  ""paa_questions"": [],
  ""related_searches"": [],
  ""autocomplete_suggestions"": [],
  ""lsi_keywords"": [],
  ""content_gaps"": [],
  ""common_patterns"": [],
  ""common_strengths"": [],
  ""common_weaknesses"": []
}

Return JSON only.
- No markdown.
- No commentary.
If a field cannot be determined, return empty value.",28118,"{""top_results"":[{""title"":""SaudiTickets"",""url"":""https://apps.apple.com/co/app/sauditickets/id1541120803"",""meta_title"":""SaudiTickets - App Store"",""meta_description"":""SaudiTickets هي المنصة الرئيسية لحجز التذاكر في المملكة العربية السعودية ، تم تصميم التطبيق لتوفير تجربة فريدة للمستخدم من خلال تسهيل حجز التذاكر ، وشراء تذاكر جميع مباريات كرة القدم السعودية."",""estimated_word_count"":600,""headings"":{""h1"":""SaudiTickets"",""h2"":[""Deportes"",""Calificaciones y reseñas"",""Novedades"",""Historial de versiones"",""Privacidad de la app"",""No se recopilan datos"",""Accesibilidad"",""Ficha técnica""],""h3"":[]},""has_faq"":false,""has_tables"":false,""cta_style"":""none""},{""title"":""كيفية شراء تذاكر كأس العالم 2026 في المملكة العربية السعودية: التواريخ والمباريات والأسعار والمزيد"",""url"":""https://www.goal.com/ar/أخبار/تذاكر-كأس-العالم-منتخب-السعودية/blt47e60f6b5e17bbe7"",""meta_title"":""كيفية حجز تذاكر مباريات المنتخب السعودي في كأس العالم 2026: التواريخ والمباريات والأسعار والمزيد"",""meta_description"":""دليلك الشامل لتأمين مقعدك ومساندة \""صقور المملكة\"" في قلب الحدث المونديالي."",""estimated_word_count"":1500,""headings"":{""h1"":""كيفية حجز تذاكر مباريات المنتخب السعودي في كأس العالم 2026: التواريخ والمباريات والأسعار والمزيد"",""h2"":[""متى ينطلق مونديال FIFA 2026؟"",""جدول مباريات المنتخب السعودي في كأس العالم 2026"",""متى يمكن شراء تذاكر  مبارايات المنتخب السعودي في كأس العالم 2026؟"",""أين يمكن شراء تذاكر مبارايات المنتخب السعودي لمونديال 2026؟"",""متى تشتري تذاكر مبارايات المنتخب السعودي كأس العالم 2026؟"",""أين يمكن شراء تذاكر مبارايات المنتخب السعودي كأس العالم 2026؟"",""كم تبلغ تكلفة تذاكر مبارايات المنتخب السعودي في كأس العالم 2026؟"",""ماذا نتوقع من السعودية في كأس العالم 2026؟""],""h3"":[""مرحلة السحب العشوائي"",""مرحلة البيع في اللحظة الأخيرة (ابتداءً من أبريل 2026)"",""مرحلة الأسواق الثانوية""]},""has_faq"":true,""has_tables"":true,""cta_style"":""aggressive""},{""title"":""حجز تذاكر مباراة السعودية ومصر اليوم الأربعاء 25-2-2026 والأسعار الرسمية"",""url"":""https://www.capsulaa.sa/رياضة/حجز-تذاكر-مباراة-السعودية-ومصر-اليوم-25-2-2026.html"",""meta_title"":""حجز تذاكر مباراة السعودية ومصر اليوم الأربعاء 25-2-2026 والأسعار الرسمية | كبسولة"",""meta_description"":""أعلنت الجهات المنظمة عن انطلاق عملية بيع تذاكر المواجهة الودية المرتقبة بين “الأخضر” السعودي و”الفراعنة” مساء اليوم الأربعاء 25 فبراير 2026، وذلك في تمام الساعة التاسعة مساءً بتوقيت مكة المكرمة."",""estimated_word_count"":400,""headings"":{""h1"":""حجز تذاكر مباراة السعودية ومصر اليوم الأربعاء 25-2-2026 والأسعار الرسمية"",""h2"":[],""h3"":[""تفاصيل موعد مباراة المنتخب السعودي ضد مصر"",""فئات وأسعار التذاكر الرسمية"",""خطوات حجز تذاكر مباراة السعودية ومصر 2026""]},""has_faq"":true,""has_tables"":true,""cta_style"":""informational""}],""paa_questions"":[],""related_searches"":[],""autocomplete_suggestions"":[],""lsi_keywords"":[""شراء تذاكر المباراة"",""أسعار التذاكر الرسمية"",""منصة Webook"",""منصة Blu Store"",""منصة فيكتوري أرينا"",""جدول مباريات السعودية"",""مواعيد طرح التذاكر"",""طرق الحجز الإلكتروني"",""تذاكر كأس العالم 2026"",""حجز تذاكر الدوري السعودي""],""content_gaps"":[""حجز تذاكر VIP وضيافة"",""مقارنة أسعار التذاكر بين المنصات"",""نصائح لتجنب الاحتيال في السوق الثانوية"",""مواعيد فتح نافذة التذاكر الموسم"",""تفاصيل طرق الدفع المتاحة"",""سياسة استرجاع واستبدال التذاكر""],""common_patterns"":[""استخدام \""شاهد أيضاً\"" لروابط مقالات"",""جداول الأسعار في بداية المقال"",""مقدمة بـ\""الخلاصة\"" أو \""تنبيه هام\"""",""خطوات الحجز الرقمية"",""روابط المنصات الرسمية""],""common_strengths"":[""توفير جداول أسعار مفصلة"",""شرح خطوات الحجز خطوة بخطوة"",""تضمين روابط المنصات الرسمية"",""تواريخ دقيقة للمباريات"",""محتوى محدث بانتظام"",""معلومات عن القنوات الناقلة""],""common_weaknesses"":[""عدم تغطية تذاكر الضيافة"",""غياب مقارنة بين المنصات"",""نقص محتوى عن الاحتيال بالسوق الثانوية"",""عدم تفصيل طرق الدفع"",""ضعف استخدام H2 في بعض المقالات"",""تشابه عناوين فرعية زائدة""]}",web_research,2026-03-15T15:11:36.545240,34039
9128,80.446,0.0,False,unknown,"You are an advanced SEO SERP intelligence agent.

You MUST perform live web search in the language of the primary keyword.
If web search is not used, the answer is invalid.

Primary Keyword: حجز تذاكر مباريات السعودية

Your task has TWO INTERNAL PHASES.
Do NOT explain them.
Return STRICT JSON only.

--------------------------------------------
PHASE 1 â€“ SERP EXTRACTION (NO ANALYSIS)
--------------------------------------------
From page 1 of Google, extract:

A. Top 3 ranking results only.
For each result extract:
- title
- url
- meta_title
- meta_description
- estimated_word_count (rough estimate)
- H1
- Top 8 H2 headings only
- Top 3 H3 headings
- has_faq (true/false)
- has_tables (true/false)
- CTA style (informational / soft commercial / aggressive / none)

B. Extract real SERP elements:
- 10 unique People Also Ask questions
- 10 unique related searches
- 10 unique autocomplete-style suggestions
- 10 LSI keyword variations observed across ranking pages

Rules:
- Remove duplicates
- Normalize similar phrasing
- Do NOT invent questions
- Use only live search results context
- If element not found, return empty array

-------------------------------------
PHASE 2 â€“ LIGHT COMPETITIVE ANALYSIS
-------------------------------------
Based ONLY on extracted data above:

- Identify common strengths (max 6 short bullet insights)
- Identify common weaknesses (max 6 short bullet insights)
- Identify missing subtopics (max 6)
- Identify overused patterns (max 5)
- Keep insights short (1 sentence each).
- No explanations.


Return STRICT JSON only in this format:

{
  ""top_results"": [
    {
      ""title"": """",
      ""url"": """",
      ""meta_title"": """",
      ""meta_description"": """",
      ""estimated_word_count"": 0,
      ""headings"": {
        ""h1"": """",
        ""h2"": [],
        ""h3"": []
      },
      ""has_faq"": false,
      ""has_tables"": false,
      ""cta_style"": """"
    }
  ],
  ""paa_questions"": [],
  ""related_searches"": [],
  ""autocomplete_suggestions"": [],
  ""lsi_keywords"": [],
  ""content_gaps"": [],
  ""common_patterns"": [],
  ""common_strengths"": [],
  ""common_weaknesses"": []
}

Return JSON only.
- No markdown.
- No commentary.
If a field cannot be determined, return empty value.",35415,"{""top_results"":[{""title"":""كيفية حجز تذاكر مباريات المنتخب السعودي في كأس العالم 2026: التواريخ والمباريات والأسعار والمزيد ([goal.com](https://www.goal.com/ar/%D8%A3%D8%AE%D8%A8%D8%A7%D8%B1/%D8%AA%D8%B0%D8%A7%D9%83%D8%B1-%D9%83%D8%A3%D8%B3-%D8%A7%D9%84%D8%B9%D8%A7%D9%84%D9%85-%D9%85%D9%86%D8%AA%D8%AE%D8%A8-%D8%A7%D9%84%D8%B3%D8%B9%D9%88%D8%AF%D9%8A%D8%A9/blt47e60f6b5e17bbe7))"",""url"":""https://www.goal.com/ar/%D8%A3%D8%AE%D8%A8%D8%A7%D8%B1/%D8%AA%D8%B0%D8%A7%D9%83%D8%B1-%D9%83%D8%A3%D8%B3-%D8%A7%D9%84%D8%B9%D8%A7%D9%84%D9%85-%D9%85%D9%86%D8%AA%D8%AE%D8%A8-%D8%A7%D9%84%D8%B3%D8%B9%D9%88%D8%AF%D9%8A%D8%A9/blt47e60f6b5e17bbe7"",""meta_title"":""كيفية شراء تذاكر كأس العالم 2026 في المملكة العربية السعودية: التواريخ والمباريات والأسعار والمزيد | العربية Goal.com ([goal.com](https://www.goal.com/ar/%D8%A3%D8%AE%D8%A8%D8%A7%D8%B1/%D8%AA%D8%B0%D8%A7%D9%83%D8%B1-%D9%83%D8%A3%D8%B3-%D8%A7%D9%84%D8%B9%D8%A7%D9%84%D9%85-%D9%85%D9%86%D8%AA%D8%AE%D8%A8-%D8%A7%D9%84%D8%B3%D8%B9%D9%88%D8%AF%D9%8A%D8%A9/blt47e60f6b5e17bbe7?utm_source=openai))"",""meta_description"":"""",""estimated_word_count"":1800,""headings"":{""h1"":""كيفية حجز تذاكر مباريات المنتخب السعودي في كأس العالم 2026: التواريخ والمباريات والأسعار والمزيد ([goal.com](https://www.goal.com/ar/%D8%A3%D8%AE%D8%A8%D8%A7%D8%B1/%D8%AA%D8%B0%D8%A7%D9%83%D8%B1-%D9%83%D8%A3%D8%B3-%D8%A7%D9%84%D8%B9%D8%A7%D9%84%D9%85-%D9%85%D9%86%D8%AA%D8%AE%D8%A8-%D8%A7%D9%84%D8%B3%D8%B9%D9%88%D8%AF%D9%8A%D8%A9/blt47e60f6b5e17bbe7))"",""h2"":[""متى ينطلق مونديال FIFA 2026؟ ([goal.com](https://www.goal.com/ar/%D8%A3%D8%AE%D8%A8%D8%A7%D8%B1/%D8%AA%D8%B0%D8%A7%D9%83%D8%B1-%D9%83%D8%A3%D8%B3-%D8%A7%D9%84%D8%B9%D8%A7%D9%84%D9%85-%D9%85%D9%86%D8%AA%D8%AE%D8%A8-%D8%A7%D9%84%D8%B3%D8%B9%D9%88%D8%AF%D9%8A%D8%A9/blt47e60f6b5e17bbe7))"",""جدول مباريات المنتخب السعودي في كأس العالم 2026 ([goal.com](https://www.goal.com/ar/%D8%A3%D8%AE%D8%A8%D8%A7%D8%B1/%D8%AA%D8%B0%D8%A7%D9%83%D8%B1-%D9%83%D8%A3%D8%B3-%D8%A7%D9%84%D8%B9%D8%A7%D9%84%D9%85-%D9%85%D9%86%D8%AA%D8%AE%D8%A8-%D8%A7%D9%84%D8%B3%D8%B9%D9%88%D8%AF%D9%8A%D8%A9/blt47e60f6b5e17bbe7))"",""متى يمكن شراء تذاكر مبارايات المنتخب السعودي في كأس العالم 2026؟ ([goal.com](https://www.goal.com/ar/%D8%A3%D8%AE%D8%A8%D8%A7%D8%B1/%D8%AA%D8%B0%D8%A7%D9%83%D8%B1-%D9%83%D8%A3%D8%B3-%D8%A7%D9%84%D8%B9%D8%A7%D9%84%D9%85-%D9%85%D9%86%D8%AA%D8%AE%D8%A8-%D8%A7%D9%84%D8%B3%D8%B9%D9%88%D8%AF%D9%8A%D8%A9/blt47e60f6b5e17bbe7))"",""أين يمكن شراء تذاكر مبارايات المنتخب السعودي لمونديال 2026؟ ([goal.com](https://www.goal.com/ar/%D8%A3%D8%AE%D8%A8%D8%A7%D8%B1/%D8%AA%D8%B0%D8%A7%D9%83%D8%B1-%D9%83%D8%A3%D8%B3-%D8%A7%D9%84%D8%B9%D8%A7%D9%84%D9%85-%D9%85%D9%86%D8%AA%D8%AE%D8%A8-%D8%A7%D9%84%D8%B3%D8%B9%D9%88%D8%AF%D9%8A%D8%A9/blt47e60f6b5e17bbe7))"",""متى تشتري تذاكر مبارايات المنتخب السعودي كأس العالم 2026؟ ([goal.com](https://www.goal.com/ar/%D8%A3%D8%AE%D8%A8%D8%A7%D8%B1/%D8%AA%D8%B0%D8%A7%D9%83%D8%B1-%D9%83%D8%A3%D8%B3-%D8%A7%D9%84%D8%B9%D8%A7%D9%84%D9%85-%D9%85%D9%86%D8%AA%D8%AE%D8%A8-%D8%A7%D9%84%D8%B3%D8%B9%D9%88%D8%AF%D9%8A%D8%A9/blt47e60f6b5e17bbe7))"",""كم تبلغ تكلفة تذاكر مبارايات المنتخب السعودي في كأس العالم 2026؟ ([goal.com](https://www.goal.com/ar/%D8%A3%D8%AE%D8%A8%D8%A7%D8%B1/%D8%AA%D8%B0%D8%A7%D9%83%D8%B1-%D9%83%D8%A3%D8%B3-%D8%A7%D9%84%D8%B9%D8%A7%D9%84%D9%85-%D9%85%D9%86%D8%AA%D8%AE%D8%A8-%D8%A7%D9%84%D8%B3%D8%B9%D9%88%D8%AF%D9%8A%D8%A9/blt47e60f6b5e17bbe7))"",""ماذا نتوقع من السعودية في كأس العالم 2026؟ ([goal.com](https://www.goal.com/ar/%D8%A3%D8%AE%D8%A8%D8%A7%D8%B1/%D8%AA%D8%B0%D8%A7%D9%83%D8%B1-%D9%83%D8%A3%D8%B3-%D8%A7%D9%84%D8%B9%D8%A7%D9%84%D9%85-%D9%85%D9%86%D8%AA%D8%AE%D8%A8-%D8%A7%D9%84%D8%B3%D8%B9%D9%88%D8%AF%D9%8A%D8%A9/blt47e60f6b5e17bbe7))"",""كيفية الحصول على تذاكر الضيافة لكأس العالم 2026 في السعودية؟ ([goal.com](https://www.goal.com/ar/%D8%A3%D8%AE%D8%A8%D8%A7%D8%B1/%D8%AA%D8%B0%D8%A7%D9%83%D8%B1-%D9%83%D8%A3%D8%B3-%D8%A7%D9%84%D8%B9%D8%A7%D9%84%D9%85-%D9%85%D9%86%D8%AA%D8%AE%D8%A8-%D8%A7%D9%84%D8%B3%D8%B9%D9%88%D8%AF%D9%8A%D8%A9/blt47e60f6b5e17bbe7))""],""h3"":[""مرحلة السحب العشوائي ([goal.com](https://www.goal.com/ar/%D8%A3%D8%AE%D8%A8%D8%A7%D8%B1/%D8%AA%D8%B0%D8%A7%D9%83%D8%B1-%D9%83%D8%A3%D8%B3-%D8%A7%D9%84%D8%B9%D8%A7%D9%84%D9%85-%D9%85%D9%86%D8%AA%D8%AE%D8%A8-%D8%A7%D9%84%D8%B3%D8%B9%D9%88%D8%AF%D9%8A%D8%A9/blt47e60f6b5e17bbe7))"",""مرحلة البيع في اللحظة الأخيرة (ابتداءً من أبريل 2026) ([goal.com](https://www.goal.com/ar/%D8%A3%D8%AE%D8%A8%D8%A7%D8%B1/%D8%AA%D8%B0%D8%A7%D9%83%D8%B1-%D9%83%D8%A3%D8%B3-%D8%A7%D9%84%D8%B9%D8%A7%D9%84%D9%85-%D9%85%D9%86%D8%AA%D8%AE%D8%A8-%D8%A7%D9%84%D8%B3%D8%B9%D9%88%D8%AF%D9%8A%D8%A9/blt47e60f6b5e17bbe7))"",""مرحلة الأسواق الثانوية ([goal.com](https://www.goal.com/ar/%D8%A3%D8%AE%D8%A8%D8%A7%D8%B1/%D8%AA%D8%B0%D8%A7%D9%83%D8%B1-%D9%83%D8%A3%D8%B3-%D8%A7%D9%84%D8%B9%D8%A7%D9%84%D9%85-%D9%85%D9%86%D8%AA%D8%AE%D8%A8-%D8%A7%D9%84%D8%B3%D8%B9%D9%88%D8%AF%D9%8A%D8%A9/blt47e60f6b5e17bbe7))""]},""has_faq"":true,""has_tables"":true,""cta_style"":""aggressive""},{""title"":""كيفية حجز تذاكر مباريات السعودية في كأس العالم 2026: الأسعار والمواعيد والجدول الكامل ([kooora.com](https://www.kooora.com/%D9%83%D8%B1%D8%A9-%D9%82%D8%AF%D9%85/%D8%A3%D8%AE%D8%A8%D8%A7%D8%B1/%D8%AA%D8%B0%D8%A7%D9%83%D8%B1-%D9%85%D8%A8%D8%A7%D8%B1%D9%8A%D8%A7%D8%AA-%D8%A7%D9%84%D8%B3%D8%B9%D9%88%D8%AF%D9%8A%D8%A9-%D9%81%D9%8A-%D9%83%D8%A7%D9%94%D8%B3-%D8%A7%D9%84%D8%B9%D8%A7%D9%84%D9%85/blt47e60f6b5e17bbe7))"",""url"":""https://www.kooora.com/%D9%83%D8%B1%D8%A9-%D9%82%D8%AF%D9%85/%D8%A3%D8%AE%D8%A8%D8%A7%D8%B1/%D8%AA%D8%B0%D8%A7%D9%83%D8%B1-%D9%85%D8%A8%D8%A7%D8%B1%D9%8A%D8%A7%D8%AA-%D8%A7%D9%84%D8%B3%D8%B9%D9%88%D8%AF%D9%8A%D8%A9-%D9%81%D9%8A-%D9%83%D8%A7%D9%94%D8%B3-%D8%A7%D9%84%D8%B9%D8%A7%D9%84%D9%85/blt47e60f6b5e17bbe7"",""meta_title"":""كيفية حجز تذاكر مباريات السعودية في كأس العالم 2026: الأسعار والمواعيد والجدول الكامل | كووورة ([kooora.com](https://www.kooora.com/%D9%83%D8%B1%D8%A9-%D9%82%D8%AF%D9%85/%D8%A3%D8%AE%D8%A8%D8%A7%D8%B1/%D8%AA%D8%B0%D8%A7%D9%83%D8%B1-%D9%85%D8%A8%D8%A7%D8%B1%D9%8A%D8%A7%D8%AA-%D8%A7%D9%84%D8%B3%D8%B9%D9%88%D8%AF%D9%8A%D8%A9-%D9%81%D9%8A-%D9%83%D8%A7%D9%94%D8%B3-%D8%A7%D9%84%D8%B9%D8%A7%D9%84%D9%85/blt47e60f6b5e17bbe7?utm_source=openai))"",""meta_description"":"""",""estimated_word_count"":1600,""headings"":{""h1"":""كيفية حجز تذاكر مباريات السعودية في كأس العالم 2026: الأسعار والمواعيد والجدول الكامل ([kooora.com](https://www.kooora.com/%D9%83%D8%B1%D8%A9-%D9%82%D8%AF%D9%85/%D8%A3%D8%AE%D8%A8%D8%A7%D8%B1/%D8%AA%D8%B0%D8%A7%D9%83%D8%B1-%D9%85%D8%A8%D8%A7%D8%B1%D9%8A%D8%A7%D8%AA-%D8%A7%D9%84%D8%B3%D8%B9%D9%88%D8%AF%D9%8A%D8%A9-%D9%81%D9%8A-%D9%83%D8%A7%D9%94%D8%B3-%D8%A7%D9%84%D8%B9%D8%A7%D9%84%D9%85/blt47e60f6b5e17bbe7))"",""h2"":[""متى ينطلق مونديال كأس العالم 2026؟ ([kooora.com](https://www.kooora.com/%D9%83%D8%B1%D8%A9-%D9%82%D8%AF%D9%85/%D8%A3%D8%AE%D8%A8%D8%A7%D8%B1/%D8%AA%D8%B0%D8%A7%D9%83%D8%B1-%D9%85%D8%A8%D8%A7%D8%B1%D9%8A%D8%A7%D8%AA-%D8%A7%D9%84%D8%B3%D8%B9%D9%88%D8%AF%D9%8A%D8%A9-%D9%81%D9%8A-%D9%83%D8%A7%D9%94%D8%B3-%D8%A7%D9%84%D8%B9%D8%A7%D9%84%D9%85/blt47e60f6b5e17bbe7))"",""ما هو جدول مباريات السعودية في كأس العالم 2026؟ ([kooora.com](https://www.kooora.com/%D9%83%D8%B1%D8%A9-%D9%82%D8%AF%D9%85/%D8%A3%D8%AE%D8%A8%D8%A7%D8%B1/%D8%AA%D8%B0%D8%A7%D9%83%D8%B1-%D9%85%D8%A8%D8%A7%D8%B1%D9%8A%D8%A7%D8%AA-%D8%A7%D9%84%D8%B3%D8%B9%D9%88%D8%AF%D9%8A%D8%A9-%D9%81%D9%8A-%D9%83%D8%A7%D9%94%D8%B3-%D8%A7%D9%84%D8%B9%D8%A7%D9%84%D9%85/blt47e60f6b5e17bbe7))"",""متى تشتري تذاكر مباريات السعودية في كأس العالم 2026؟ ([kooora.com](https://www.kooora.com/%D9%83%D8%B1%D8%A9-%D9%82%D8%AF%D9%85/%D8%A3%D8%AE%D8%A8%D8%A7%D8%B1/%D8%AA%D8%B0%D8%A7%D9%83%D8%B1-%D9%85%D8%A8%D8%A7%D8%B1%D9%8A%D8%A7%D8%AA-%D8%A7%D9%84%D8%B3%D8%B9%D9%88%D8%AF%D9%8A%D8%A9-%D9%81%D9%8A-%D9%83%D8%A7%D9%94%D8%B3-%D8%A7%D9%84%D8%B9%D8%A7%D9%84%D9%85/blt47e60f6b5e17bbe7))"",""أين يمكن شراء تذاكر مباريات المنتخب السعودي في كأس العالم 2026؟ ([kooora.com](https://www.kooora.com/%D9%83%D8%B1%D8%A9-%D9%82%D8%AF%D9%85/%D8%A3%D8%AE%D8%A8%D8%A7%D8%B1/%D8%AA%D8%B0%D8%A7%D9%83%D8%B1-%D9%85%D8%A8%D8%A7%D8%B1%D9%8A%D8%A7%D8%AA-%D8%A7%D9%84%D8%B3%D8%B9%D9%88%D8%AF%D9%8A%D8%A9-%D9%81%D9%8A-%D9%83%D8%A7%D9%94%D8%B3-%D8%A7%D9%84%D8%B9%D8%A7%D9%84%D9%85/blt47e60f6b5e17bbe7))"",""متى تشتري تذاكر كأس العالم 2026 في السعودية ([kooora.com](https://www.kooora.com/%D9%83%D8%B1%D8%A9-%D9%82%D8%AF%D9%85/%D8%A3%D8%AE%D8%A8%D8%A7%D8%B1/%D8%AA%D8%B0%D8%A7%D9%83%D8%B1-%D9%85%D8%A8%D8%A7%D8%B1%D9%8A%D8%A7%D8%AA-%D8%A7%D9%84%D8%B3%D8%B9%D9%88%D8%AF%D9%8A%D8%A9-%D9%81%D9%8A-%D9%83%D8%A7%D9%94%D8%B3-%D8%A7%D9%84%D8%B9%D8%A7%D9%84%D9%85/blt47e60f6b5e17bbe7))"",""كم تبلغ تكلفة تذاكر منتخب السعودية كأس العالم 2026؟ ([kooora.com](https://www.kooora.com/%D9%83%D8%B1%D8%A9-%D9%82%D8%AF%D9%85/%D8%A3%D8%AE%D8%A8%D8%A7%D8%B1/%D8%AA%D8%B0%D8%A7%D9%83%D8%B1-%D9%85%D8%A8%D8%A7%D8%B1%D9%8A%D8%A7%D8%AA-%D8%A7%D9%84%D8%B3%D8%B9%D9%88%D8%AF%D9%8A%D8%A9-%D9%81%D9%8A-%D9%83%D8%A7%D9%94%D8%B3-%D8%A7%D9%84%D8%B9%D8%A7%D9%84%D9%85/blt47e60f6b5e17bbe7))"",""ماذا نتوقع من المنتخب السعودي في كأس العالم 2026؟ ([kooora.com](https://www.kooora.com/%D9%83%D8%B1%D8%A9-%D9%82%D8%AF%D9%85/%D8%A3%D8%AE%D8%A8%D8%A7%D8%B1/%D8%AA%D8%B0%D8%A7%D9%83%D8%B1-%D9%85%D8%A8%D8%A7%D8%B1%D9%8A%D8%A7%D8%AA-%D8%A7%D9%84%D8%B3%D8%B9%D9%88%D8%AF%D9%8A%D8%A9-%D9%81%D9%8A-%D9%83%D8%A7%D9%94%D8%B3-%D8%A7%D9%84%D8%B9%D8%A7%D9%84%D9%85/blt47e60f6b5e17bbe7))"",""كيفية الحصول على تذاكر الضيافة لكأس العالم 2026 لمشاهدة المنتخب السعودي ([kooora.com](https://www.kooora.com/%D9%83%D8%B1%D8%A9-%D9%82%D8%AF%D9%85/%D8%A3%D8%AE%D8%A8%D8%A7%D8%B1/%D8%AA%D8%B0%D8%A7%D9%83%D8%B1-%D9%85%D8%A8%D8%A7%D8%B1%D9%8A%D8%A7%D8%AA-%D8%A7%D9%84%D8%B3%D8%B9%D9%88%D8%AF%D9%8A%D8%A9-%D9%81%D9%8A-%D9%83%D8%A7%D9%94%D8%B3-%D8%A7%D9%84%D8%B9%D8%A7%D9%84%D9%85/blt47e60f6b5e17bbe7))""],""h3"":[""قرعة الاختيار العشوائي ([kooora.com](https://www.kooora.com/%D9%83%D8%B1%D8%A9-%D9%82%D8%AF%D9%85/%D8%A3%D8%AE%D8%A8%D8%A7%D8%B1/%D8%AA%D8%B0%D8%A7%D9%83%D8%B1-%D9%85%D8%A8%D8%A7%D8%B1%D9%8A%D8%A7%D8%AA-%D8%A7%D9%84%D8%B3%D8%B9%D9%88%D8%AF%D9%8A%D8%A9-%D9%81%D9%8A-%D9%83%D8%A7%D9%94%D8%B3-%D8%A7%D9%84%D8%B9%D8%A7%D9%84%D9%85/blt47e60f6b5e17bbe7))"",""مرحلة البيع في اللحظة الأخيرة (ابتداءً من أبريل 2026) ([kooora.com](https://www.kooora.com/%D9%83%D8%B1%D8%A9-%D9%82%D8%AF%D9%85/%D8%A3%D8%AE%D8%A8%D8%A7%D8%B1/%D8%AA%D8%B0%D8%A7%D9%83%D8%B1-%D9%85%D8%A8%D8%A7%D8%B1%D9%8A%D8%A7%D8%AA-%D8%A7%D9%84%D8%B3%D8%B9%D9%88%D8%AF%D9%8A%D8%A9-%D9%81%D9%8A-%D9%83%D8%A7%D9%94%D8%B3-%D8%A7%D9%84%D8%B9%D8%A7%D9%84%D9%85/blt47e60f6b5e17bbe7))"",""الأسواق الثانوية ([kooora.com](https://www.kooora.com/%D9%83%D8%B1%D8%A9-%D9%82%D8%AF%D9%85/%D8%A3%D8%AE%D8%A8%D8%A7%D8%B1/%D8%AA%D8%B0%D8%A7%D9%83%D8%B1-%D9%85%D8%A8%D8%A7%D8%B1%D9%8A%D8%A7%D8%AA-%D8%A7%D9%84%D8%B3%D8%B9%D9%88%D8%AF%D9%8A%D8%A9-%D9%81%D9%8A-%D9%83%D8%A7%D9%94%D8%B3-%D8%A7%D9%84%D8%B9%D8%A7%D9%84%D9%85/blt47e60f6b5e17bbe7))""]},""has_faq"":false,""has_tables"":true,""cta_style"":""aggressive""},{""title"":""منصة حجز تذاكر المباريات وأسعار تذاكر الدوري السعودي 2026 – 1447 (تم التحديث) ([capsulaa.sa](https://www.capsulaa.sa/saudi-arabia-services/%D9%85%D9%86%D8%B5%D8%A9-%D8%AD%D8%AC%D8%B2-%D8%AA%D8%B0%D8%A7%D9%83%D8%B1-%D8%A7%D9%84%D9%85%D8%A8%D8%A7%D8%B1%D9%8A%D8%A7%D8%AA-%D9%83%D9%85-%D8%A7%D8%B3%D8%B9%D8%A7%D8%B1-%D8%AA%D8%B0%D8%A7%D9%83/))"",""url"":""https://www.capsulaa.sa/saudi-arabia-services/%D9%85%D9%86%D8%B5%D8%A9-%D8%AD%D8%AC%D8%B2-%D8%AA%D8%B0%D8%A7%D9%83%D8%B1-%D8%A7%D9%84%D9%85%D8%A8%D8%A7%D8%B1%D9%8A%D8%A7%D8%AA-%D9%83%D9%85-%D8%A7%D8%B3%D8%B9%D8%A7%D8%B1-%D8%AA%D8%B0%D8%A7%D9%83/"",""meta_title"":""منصة حجز تذاكر المباريات وأسعار تذاكر الدوري السعودي 2026 – 1447 (تم التحديث) | موقع كبسولة لخدمات السعودية ([capsulaa.sa](https://www.capsulaa.sa/saudi-arabia-services/%D9%85%D9%86%D8%B5%D8%A9-%D8%AD%D8%AC%D8%B2-%D8%AA%D8%B0%D8%A7%D9%83%D8%B1-%D8%A7%D9%84%D9%85%D8%A8%D8%A7%D8%B1%D9%8A%D8%A7%D8%AA-%D9%83%D9%85-%D8%A7%D8%B3%D8%B9%D8%A7%D8%B1-%D8%AA%D8%B0%D8%A7%D9%83/))"",""meta_description"":"""",""estimated_word_count"":650,""headings"":{""h1"":""منصة حجز تذاكر المباريات وأسعار تذاكر الدوري السعودي 2026 – 1447 (تم التحديث) ([capsulaa.sa](https://www.capsulaa.sa/saudi-arabia-services/%D9%85%D9%86%D8%B5%D8%A9-%D8%AD%D8%AC%D8%B2-%D8%AA%D8%B0%D8%A7%D9%83%D8%B1-%D8%A7%D9%84%D9%85%D8%A8%D8%A7%D8%B1%D9%8A%D8%A7%D8%AA-%D9%83%D9%85-%D8%A7%D8%B3%D8%B9%D8%A7%D8%B1-%D8%AA%D8%B0%D8%A7%D9%83/))"",""h2"":[""متوسط أسعار تذاكر الدوري السعودي 2026 ([capsulaa.sa](https://www.capsulaa.sa/saudi-arabia-services/%D9%85%D9%86%D8%B5%D8%A9-%D8%AD%D8%AC%D8%B2-%D8%AA%D8%B0%D8%A7%D9%83%D8%B1-%D8%A7%D9%84%D9%85%D8%A8%D8%A7%D8%B1%D9%8A%D8%A7%D8%AA-%D9%83%D9%85-%D8%A7%D8%B3%D8%B9%D8%A7%D8%B1-%D8%AA%D8%B0%D8%A7%D9%83/))"",""ما هي المنصات المعتمدة لحجز التذاكر في 2026؟ ([capsulaa.sa](https://www.capsulaa.sa/saudi-arabia-services/%D9%85%D9%86%D8%B5%D8%A9-%D8%AD%D8%AC%D8%B2-%D8%AA%D8%B0%D8%A7%D9%83%D8%B1-%D8%A7%D9%84%D9%85%D8%A8%D8%A7%D8%B1%D9%8A%D8%A7%D8%AA-%D9%83%D9%85-%D8%A7%D8%B3%D8%B9%D8%A7%D8%B1-%D8%AA%D8%B0%D8%A7%D9%83/))"",""خطوات حجز التذاكر (الطريقة الموحدة) ([capsulaa.sa](https://www.capsulaa.sa/saudi-arabia-services/%D9%85%D9%86%D8%B5%D8%A9-%D8%AD%D8%AC%D8%B2-%D8%AA%D8%B0%D8%A7%D9%83%D8%B1-%D8%A7%D9%84%D9%85%D8%A8%D8%A7%D8%B1%D9%8A%D8%A7%D8%AA-%D9%83%D9%85-%D8%A7%D8%B3%D8%B9%D8%A7%D8%B1-%D8%AA%D8%B0%D8%A7%D9%83/))"",""روابط حجز المباريات المباشرة (تحديث 2026) ([capsulaa.sa](https://www.capsulaa.sa/saudi-arabia-services/%D9%85%D9%86%D8%B5%D8%A9-%D8%AD%D8%AC%D8%B2-%D8%AA%D8%B0%D8%A7%D9%83%D8%B1-%D8%A7%D9%84%D9%85%D8%A8%D8%A7%D8%B1%D9%8A%D8%A7%D8%AA-%D9%83%D9%85-%D8%A7%D8%B3%D8%B9%D8%A7%D8%B1-%D8%AA%D8%B0%D8%A7%D9%83/))"",""شروط دخول الملاعب (تنبيهات هامة) ([capsulaa.sa](https://www.capsulaa.sa/saudi-arabia-services/%D9%85%D9%86%D8%B5%D8%A9-%D8%AD%D8%AC%D8%B2-%D8%AA%D8%B0%D8%A7%D9%83%D8%B1-%D8%A7%D9%84%D9%85%D8%A8%D8%A7%D8%B1%D9%8A%D8%A7%D8%AA-%D9%83%D9%85-%D8%A7%D8%B3%D8%B9%D8%A7%D8%B1-%D8%AA%D8%B0%D8%A7%D9%83/))"",""الأسئلة الأكثر شيوعاً ([capsulaa.sa](https://www.capsulaa.sa/saudi-arabia-services/%D9%85%D9%86%D8%B5%D8%A9-%D8%AD%D8%AC%D8%B2-%D8%AA%D8%B0%D8%A7%D9%83%D8%B1-%D8%A7%D9%84%D9%85%D8%A8%D8%A7%D8%B1%D9%8A%D8%A7%D8%AA-%D9%83%D9%85-%D8%A7%D8%B3%D8%B9%D8%A7%D8%B1-%D8%AA%D8%B0%D8%A7%D9%83/))""],""h3"":[""هل يلزمني طباعة التذكرة ورقيًا؟ ([capsulaa.sa](https://www.capsulaa.sa/saudi-arabia-services/%D9%85%D9%86%D8%B5%D8%A9-%D8%AD%D8%AC%D8%B2-%D8%AA%D8%B0%D8%A7%D9%83%D8%B1-%D8%A7%D9%84%D9%85%D8%A8%D8%A7%D8%B1%D9%8A%D8%A7%D8%AA-%D9%83%D9%85-%D8%A7%D8%B3%D8%B9%D8%A7%D8%B1-%D8%AA%D8%B0%D8%A7%D9%83/))"",""واجهت مشكلة في الدفع أو لم تصلني التذكرة، ماذا أفعل؟ ([capsulaa.sa](https://www.capsulaa.sa/saudi-arabia-services/%D9%85%D9%86%D8%B5%D8%A9-%D8%AD%D8%AC%D8%B2-%D8%AA%D8%B0%D8%A7%D9%83%D8%B1-%D8%A7%D9%84%D9%85%D8%A8%D8%A7%D8%B1%D9%8A%D8%A7%D8%AA-%D9%83%D9%85-%D8%A7%D8%B3%D8%B9%D8%A7%D8%B1-%D8%AA%D8%B0%D8%A7%D9%83/))"",""المصادر الرسمية والموثوقة ([capsulaa.sa](https://www.capsulaa.sa/saudi-arabia-services/%D9%85%D9%86%D8%B5%D8%A9-%D8%AD%D8%AC%D8%B2-%D8%AA%D8%B0%D8%A7%D9%83%D8%B1-%D8%A7%D9%84%D9%85%D8%A8%D8%A7%D8%B1%D9%8A%D8%A7%D8%AA-%D9%83%D9%85-%D8%A7%D8%B3%D8%B9%D8%A7%D8%B1-%D8%AA%D8%B0%D8%A7%D9%83/))""]},""has_faq"":true,""has_tables"":true,""cta_style"":""soft commercial""}],""paa_questions"":[],""related_searches"":[],""autocomplete_suggestions"":[],""lsi_keywords"":[""حجز تذاكر كأس العالم 2026"",""أسعار تذاكر الدوري السعودي 2026"",""منصة Webook لحجز التذاكر"",""تذاكر مباريات المنتخب السعودي"",""مبيعات التذاكر اللحظة الأخيرة"",""منصات إعادة بيع التذاكر"",""طريقة السحب العشوائي للتذاكر"",""باقات الضيافة لكأس العالم"",""جدول مباريات السعودية مونديال 2026"",""شروط دخول الملاعب""],""content_gaps"":[""طريقة التسجيل للحصول على FIFA ID"",""خطوات إعداد حساب Webook"",""سياسة استرجاع أو تغيير التذاكر"",""إرشادات الوصول للملاعب والنقل العام"",""معلومات حول أماكن الجلوس ورؤية المقاعد"",""تعليمات للجمهور ذوي الاحتياجات الخاصة""],""common_strengths"":[""وجود أدلة تفصيلية خطوة بخطوة لحجز التذاكر ([capsulaa.sa](https://www.capsulaa.sa/saudi-arabia-services/%D9%85%D9%86%D8%B5%D8%A9-%D8%AD%D8%AC%D8%B2-%D8%AA%D8%B0%D8%A7%D9%83%D8%B1-%D8%A7%D9%84%D9%85%D8%A8%D8%A7%D8%B1%D9%8A%D8%A7%D8%AA-%D9%83%D9%85-%D8%A7%D8%B3%D8%B9%D8%A7%D8%B1-%D8%AA%D8%B0%D8%A7%D9%83/))"",""استخدام جداول منظمة لعرض المواعيد والأسعار ([capsulaa.sa](https://www.capsulaa.sa/saudi-arabia-services/%D9%85%D9%86%D8%B5%D8%A9-%D8%AD%D8%AC%D8%B2-%D8%AA%D8%B0%D8%A7%D9%83%D8%B1-%D8%A7%D9%84%D9%85%D8%A8%D8%A7%D8%B1%D9%8A%D8%A7%D8%AA-%D9%83%D9%85-%D8%A7%D8%B3%D8%B9%D8%A7%D8%B1-%D8%AA%D8%B0%D8%A7%D9%83/))"",""تضمين أقسام FAQ للرد على الاستفسارات الشائعة ([goal.com](https://www.goal.com/ar/%D8%A3%D8%AE%D8%A8%D8%A7%D8%B1/%D8%AA%D8%B0%D8%A7%D9%83%D8%B1-%D9%83%D8%A3%D8%B3-%D8%A7%D9%84%D8%B9%D8%A7%D9%84%D9%85-%D9%85%D9%86%D8%AA%D8%AE%D8%A8-%D8%A7%D9%84%D8%B3%D8%B9%D9%88%D8%AF%D9%8A%D8%A9/blt47e60f6b5e17bbe7))"",""روابط CTA واضحة للشراء الفوري ([goal.com](https://www.goal.com/ar/%D8%A3%D8%AE%D8%A8%D8%A7%D8%B1/%D8%AA%D8%B0%D8%A7%D9%83%D8%B1-%D9%83%D8%A3%D8%B3-%D8%A7%D9%84%D8%B9%D8%A7%D9%84%D9%85-%D9%85%D9%86%D8%AA%D8%AE%D8%A8-%D8%A7%D9%84%D8%B3%D8%B9%D9%88%D8%AF%D9%8A%D8%A9/blt47e60f6b5e17bbe7))"",""تغطية شاملة لفئات التذاكر المختلفة والأسعار ([goal.com](https://www.goal.com/ar/%D8%A3%D8%AE%D8%A8%D8%A7%D8%B1/%D8%AA%D8%B0%D8%A7%D9%83%D8%B1-%D9%83%D8%A3%D8%B3-%D8%A7%D9%84%D8%B9%D8%A7%D9%84%D9%85-%D9%85%D9%86%D8%AA%D8%AE%D8%A8-%D8%A7%D9%84%D8%B3%D8%B9%D9%88%D8%AF%D9%8A%D8%A9/blt47e60f6b5e17bbe7))"",""تحديث المحتوى وفق آخر الإصدارات والتواريخ ([capsulaa.sa](https://www.capsulaa.sa/saudi-arabia-services/%D9%85%D9%86%D8%B5%D8%A9-%D8%AD%D8%AC%D8%B2-%D8%AA%D8%B0%D8%A7%D9%83%D8%B1-%D8%A7%D9%84%D9%85%D8%A8%D8%A7%D8%B1%D9%8A%D8%A7%D8%AA-%D9%83%D9%85-%D8%A7%D8%B3%D8%B9%D8%A7%D8%B1-%D8%AA%D8%B0%D8%A7%D9%83/))""],""common_weaknesses"":[""غياب إرشادات مفصلة لاختيار المقاعد ورؤيتها قبل الحجز ([goal.com](https://www.goal.com/ar/%D8%A3%D8%AE%D8%A8%D8%A7%D8%B1/%D8%AA%D8%B0%D8%A7%D9%83%D8%B1-%D9%83%D8%A3%D8%B3-%D8%A7%D9%84%D8%B9%D8%A7%D9%84%D9%85-%D9%85%D9%86%D8%AA%D8%AE%D8%A8-%D8%A7%D9%84%D8%B3%D8%B9%D9%88%D8%AF%D9%8A%D8%A9/blt47e60f6b5e17bbe7))"",""قلة التوجيهات لاستخدام تطبيقات الهواتف المحمولة للحجز ([capsulaa.sa](https://www.capsulaa.sa/saudi-arabia-services/%D9%85%D9%86%D8%B5%D8%A9-%D8%AD%D8%AC%D8%B2-%D8%AA%D8%B0%D8%A7%D9%83%D8%B1-%D8%A7%D9%84%D9%85%D8%A8%D8%A7%D8%B1%D9%8A%D8%A7%D8%AA-%D9%83%D9%85-%D8%A7%D8%B3%D8%B9%D8%A7%D8%B1-%D8%AA%D8%B0%D8%A7%D9%83/))"",""عدم ذكر سياسات الاسترجاع أو تعديل التذاكر ([capsulaa.sa](https://www.capsulaa.sa/saudi-arabia-services/%D9%85%D9%86%D8%B5%D8%A9-%D8%AD%D8%AC%D8%B2-%D8%AA%D8%B0%D8%A7%D9%83%D8%B1-%D8%A7%D9%84%D9%85%D8%A8%D8%A7%D8%B1%D9%8A%D8%A7%D8%AA-%D9%83%D9%85-%D8%A7%D8%B3%D8%B9%D8%A7%D8%B1-%D8%AA%D8%B0%D8%A7%D9%83/))"",""غياب معلومات حول كيفية الحصول على FIFA ID ([goal.com](https://www.goal.com/ar/%D8%A3%D8%AE%D8%A8%D8%A7%D8%B1/%D8%AA%D8%B0%D8%A7%D9%83%D8%B1-%D9%83%D8%A3%D8%B3-%D8%A7%D9%84%D8%B9%D8%A7%D9%84%D9%85-%D9%85%D9%86%D8%AA%D8%AE%D8%A8-%D8%A7%D9%84%D8%B3%D8%B9%D9%88%D8%AF%D9%8A%D8%A9/blt47e60f6b5e17bbe7))"",""تكرار عناوين H2 المماثلة دون تنويع ([goal.com](https://www.goal.com/ar/%D8%A3%D8%AE%D8%A8%D8%A7%D8%B1/%D8%AA%D8%B0%D8%A7%D9%83%D8%B1-%D9%83%D8%A3%D8%B3-%D8%A7%D9%84%D8%B9%D8%A7%D9%84%D9%85-%D9%85%D9%86%D8%AA%D8%AE%D8%A8-%D8%A7%D9%84%D8%B3%D8%B9%D9%88%D8%AF%D9%8A%D8%A9/blt47e60f6b5e17bbe7))"",""ندرة تفاصيل حول النقل والوصول للملاعب ([capsulaa.sa](https://www.capsulaa.sa/saudi-arabia-services/%D9%85%D9%86%D8%B5%D8%A9-%D8%AD%D8%AC%D8%B2-%D8%AA%D8%B0%D8%A7%D9%83%D8%B1-%D8%A7%D9%84%D9%85%D8%A8%D8%A7%D8%B1%D9%8A%D8%A7%D8%AA-%D9%83%D9%85-%D8%A7%D8%B3%D8%B9%D8%A7%D8%B1-%D8%AA%D8%B0%D8%A7%D9%83/))""],""common_patterns"":[""البدء بأسئلة \""متى...\"" في عناوين متعددة ([goal.com](https://www.goal.com/ar/%D8%A3%D8%AE%D8%A8%D8%A7%D8%B1/%D8%AA%D8%B0%D8%A7%D9%83%D8%B1-%D9%83%D8%A3%D8%B3-%D8%A7%D9%84%D8%B9%D8%A7%D9%84%D9%85-%D9%85%D9%86%D8%AA%D8%AE%D8%A8-%D8%A7%D9%84%D8%B3%D8%B9%D9%88%D8%AF%D9%8A%D8%A9/blt47e60f6b5e17bbe7))"",""تكرار CTA \""اشترِ تذكرتك الآن\"" بعد كل جدول أو قسم ([goal.com](https://www.goal.com/ar/%D8%A3%D8%AE%D8%A8%D8%A7%D8%B1/%D8%AA%D8%B0%D8%A7%D9%83%D8%B1-%D9%83%D8%A3%D8%B3-%D8%A7%D9%84%D8%B9%D8%A7%D9%84%D9%85-%D9%85%D9%86%D8%AA%D8%AE%D8%A8-%D8%A7%D9%84%D8%B3%D8%B9%D9%88%D8%AF%D9%8A%D8%A9/blt47e60f6b5e17bbe7))"",""استخدام عناوين H2 تبدأ بـ\""أسعار تذاكر...\"" بشكل متكرر ([capsulaa.sa](https://www.capsulaa.sa/saudi-arabia-services/%D9%85%D9%86%D8%B5%D8%A9-%D8%AD%D8%AC%D8%B2-%D8%AA%D8%B0%D8%A7%D9%83%D8%B1-%D8%A7%D9%84%D9%85%D8%A8%D8%A7%D8%B1%D9%8A%D8%A7%D8%AA-%D9%83%D9%85-%D8%A7%D8%B3%D8%B9%D8%A7%D8%B1-%D8%AA%D8%B0%D8%A7%D9%83/))"",""وضع قسم FAQ في نهاية المحتوى فقط ([goal.com](https://www.goal.com/ar/%D8%A3%D8%AE%D8%A8%D8%A7%D8%B1/%D8%AA%D8%B0%D8%A7%D9%83%D8%B1-%D9%83%D8%A3%D8%B3-%D8%A7%D9%84%D8%B9%D8%A7%D9%84%D9%85-%D9%85%D9%86%D8%AA%D8%AE%D8%A8-%D8%A7%D9%84%D8%B3%D8%B9%D9%88%D8%AF%D9%8A%D8%A9/blt47e60f6b5e17bbe7))"",""اعتماد كبير على روابط تابعة (affiliate) للحجز ([goal.com](https://www.goal.com/ar/%D8%A3%D8%AE%D8%A8%D8%A7%D8%B1/%D8%AA%D8%B0%D8%A7%D9%83%D8%B1-%D9%83%D8%A3%D8%B3-%D8%A7%D9%84%D8%B9%D8%A7%D9%84%D9%85-%D9%85%D9%86%D8%AA%D8%AE%D8%A8-%D8%A7%D9%84%D8%B3%D8%B9%D9%88%D8%AF%D9%8A%D8%A9/blt47e60f6b5e17bbe7))""]}",web_research,2026-03-15T15:12:56.995007,44543
0,135.826,0.0,False,unknown,N/A,0,N/A,STEP_TOTAL: web_research,2026-03-15T15:12:56.999033,0
772,6.282,0.0,False,unknown,"You are an advanced SEO strategist and SERP intelligence analyst.

You are given structured SERP data for a primary keyword.

Your task is to convert this raw SERP data into:
1. Strategic qualitative intelligence
2. Structural quantitative intelligence
3. Search intent validation based strictly on SERP patterns

Primary Keyword: حجز تذاكر مباريات السعودية
SERP DATA:
{""paa"": [], ""lsi"": [""\u062d\u062c\u0632 \u062a\u0630\u0627\u0643\u0631 \u0643\u0623\u0633 \u0627\u0644\u0639\u0627\u0644\u0645 2026"", ""\u0623\u0633\u0639\u0627\u0631 \u062a\u0630\u0627\u0643\u0631 \u0627\u0644\u062f\u0648\u0631\u064a \u0627\u0644\u0633\u0639\u0648\u062f\u064a 2026"", ""\u0645\u0646\u0635\u0629 Webook \u0644\u062d\u062c\u0632 \u0627\u0644\u062a\u0630\u0627\u0643\u0631"", ""\u062a\u0630\u0627\u0643\u0631 \u0645\u0628\u0627\u0631\u064a\u0627\u062a \u0627\u0644\u0645\u0646\u062a\u062e\u0628 \u0627\u0644\u0633\u0639\u0648\u062f\u064a"", ""\u0645\u0628\u064a\u0639\u0627\u062a \u0627\u0644\u062a\u0630\u0627\u0643\u0631 \u0627\u0644\u0644\u062d\u0638\u0629 \u0627\u0644\u0623\u062e\u064a\u0631\u0629"", ""\u0645\u0646\u0635\u0627\u062a \u0625\u0639\u0627\u062f\u0629 \u0628\u064a\u0639 \u0627\u0644\u062a\u0630\u0627\u0643\u0631"", ""\u0637\u0631\u064a\u0642\u0629 \u0627\u0644\u0633\u062d\u0628 \u0627\u0644\u0639\u0634\u0648\u0627\u0626\u064a \u0644\u0644\u062a\u0630\u0627\u0643\u0631"", ""\u0628\u0627\u0642\u0627\u062a \u0627\u0644\u0636\u064a\u0627\u0641\u0629 \u0644\u0643\u0623\u0633 \u0627\u0644\u0639\u0627\u0644\u0645"", ""\u062c\u062f\u0648\u0644 \u0645\u0628\u0627\u0631\u064a\u0627\u062a \u0627\u0644\u0633\u0639\u0648\u062f\u064a\u0629 \u0645\u0648\u0646\u062f\u064a\u0627\u0644 2026"", ""\u0634\u0631\u0648\u0637 \u062f\u062e\u0648\u0644 \u0627\u0644\u0645\u0644\u0627\u0639\u0628""], ""related"": [], ""titles_pattern"": [""\u0643\u064a\u0641\u064a\u0629 \u062d\u062c\u0632 \u062a\u0630\u0627\u0643\u0631 \u0645\u0628\u0627\u0631\u064a\u0627\u062a \u0627\u0644\u0645\u0646\u062a\u062e\u0628 \u0627\u0644\u0633\u0639\u0648\u062f\u064a \u0641\u064a \u0643\u0623\u0633 \u0627\u0644\u0639\u0627\u0644\u0645 2026: \u0627\u0644\u062a\u0648\u0627\u0631\u064a\u062e \u0648\u0627\u0644\u0645\u0628\u0627\u0631\u064a\u0627\u062a \u0648\u0627\u0644\u0623\u0633\u0639\u0627\u0631 \u0648\u0627\u0644\u0645\u0632\u064a\u062f ([goal.com](https://www"", ""\u0643\u064a\u0641\u064a\u0629 \u062d\u062c\u0632 \u062a\u0630\u0627\u0643\u0631 \u0645\u0628\u0627\u0631\u064a\u0627\u062a \u0627\u0644\u0633\u0639\u0648\u062f\u064a\u0629 \u0641\u064a \u0643\u0623\u0633 \u0627\u0644\u0639\u0627\u0644\u0645 2026: \u0627\u0644\u0623\u0633\u0639\u0627\u0631 \u0648\u0627\u0644\u0645\u0648\u0627\u0639\u064a\u062f \u0648\u0627\u0644\u062c\u062f\u0648\u0644 \u0627\u0644\u0643\u0627\u0645\u0644 ([kooora.com](https://www.kooora.c"", ""\u0645\u0646\u0635\u0629 \u062d\u062c\u0632 \u062a\u0630\u0627\u0643\u0631 \u0627\u0644\u0645\u0628\u0627\u0631\u064a\u0627\u062a \u0648\u0623\u0633\u0639\u0627\u0631 \u062a\u0630\u0627\u0643\u0631 \u0627\u0644\u062f\u0648\u0631\u064a \u0627\u0644\u0633\u0639\u0648\u062f\u064a 2026 \u2013 1447 (\u062a\u0645 \u0627\u0644\u062a\u062d\u062f\u064a\u062b) ([capsulaa.sa](https://www.capsulaa.sa/sau""]}

STEP 1 â€” Search Intent Confirmation
Infer actual search intent ONLY from SERP structure using:
- Page types (service / blog / landing / ecommerce / directory)
- CTA presence & positioning
- Title framing patterns
- URL structures
- Pricing sections
- Schema types
- Content depth

Return:
- confirmed_intent
- intent_confidence_score (0â€“1)
- dominant_page_type
- service_vs_guide_ratio
- commercial_signal_strength
- informational_signal_strength


STEP 2 â€” Structural Intelligence
Extract:
- avg_word_count
- avg_h2_count
- avg_h3_count
- dominant_page_type (service | guide | comparison | homepage)
- CTA_position_pattern (above fold / mid / end / none)
- CTA_intensity_pattern (none / soft / moderate / aggressive)
- pricing_presence_ratio (0â€“1)
- faq_presence_ratio (0â€“1)
- trust_signal_density (low / medium / high)
- local_keyword_density (low / medium / high)
- detected_area (Identify specific city or country if keywords/titles show a clear geographical target. Return ""Global"" if none found).

STEP 3 â€” Strategic Intelligence
Extract:
1. Content Gaps
- Important missing subtopics competitors did not cover
- Underserved angles
- Questions not properly answered
2. Structural Patterns
- Common H2/H3 patterns across competitors
- Structural templates they follow
3. Keyword Clusters
- Group LSI and related keywords into semantic clusters
4. Weakness Exploitation Plan
- Areas where competitors are thin
- Outdated content opportunities
- Weak CTAs
- Missing trust signals (EEAT gaps)
5. Differentiation Strategy
- How to be more comprehensive
- How to structure better
- What additional value to add


Return STRICT JSON only in this structure:

{
""intent_analysis"": {
""confirmed_intent"": """",
""intent_confidence_score"": 0.0,
""dominant_page_type"": """",
""service_vs_guide_ratio"": 0.0,
""commercial_signal_strength"": 0.0,
""informational_signal_strength"": 0.0
},
""structural_intelligence"": {
""dominant_page_type"": """",
""avg_word_count"": 0,
""avg_h2_count"": 0,
""avg_h3_count"": 0,
""dominant_heading_pattern"": """",
""cta_position_pattern"": """",
""cta_intensity_pattern"": """",
""pricing_presence_ratio"": 0.0,
""faq_presence_ratio"": 0.0,
""trust_signal_density"": """",
""local_keyword_density"": """",
""detected_area"": """"
},
""strategic_intelligence"": {
""content_gaps"": [],
""structural_patterns"": [],
""keyword_clusters"": [
{
""cluster_name"": """",
""keywords"": []
}
],
""weaknesses_to_exploit"": [],
""differentiation_strategy"": []
}
}

Return JSON only.
Do not include explanations.",3728,"{
  ""intent_analysis"": {
    ""confirmed_intent"": ""Transactional / Informational Hybrid (Searchers want to buy tickets but need the 'how-to' guide first)"",
    ""intent_confidence_score"": 0.95,
    ""dominant_page_type"": ""Comprehensive Guide / News Portal"",
    ""service_vs_guide_ratio"": 0.2,
    ""commercial_signal_strength"": 0.8,
    ""informational_signal_strength"": 0.9
  },
  ""structural_intelligence"": {
    ""dominant_page_type"": ""guide"",
    ""avg_word_count"": 850,
    ""avg_h2_count"": 6,
    ""avg_h3_count"": 4,
    ""dominant_heading_pattern"": ""How to Book -> Ticket Prices -> Match Schedule -> Official Platforms"",
    ""cta_position_pattern"": ""mid-content and end-of-article"",
    ""cta_intensity_pattern"": ""moderate"",
    ""pricing_presence_ratio"": 1.0,
    ""faq_presence_ratio"": 0.3,
    ""trust_signal_density"": ""high"",
    ""local_keyword_density"": ""high"",
    ""detected_area"": ""Saudi Arabia""
  },
  ""strategic_intelligence"": {
    ""content_gaps"": [
      ""Step-by-step troubleshooting for Webook platform errors"",
      ""Detailed breakdown of stadium seating categories (Standard vs Premium vs Hospitality)"",
      ""Specific instructions for international fans vs local residents"",
      ""Last-minute ticket resale legalities and safe platforms""
    ],
    ""structural_patterns"": [
      ""Use of 'Updated 2024/2026' in titles to signal freshness"",
      ""Bullet points for match schedules"",
      ""Tables for pricing tiers"",
      ""Direct links to official booking apps (Webook, Sahat)""
    ],
    ""keyword_clusters"": [
      {
        ""cluster_name"": ""Official Platforms"",
        ""keywords"": [""منصة Webook"", ""مبيعات اللحظة الأخيرة"", ""منصات إعادة بيع التذاكر""]
      },
      {
        ""cluster_name"": ""Event Specifics"",
        ""keywords"": [""كأس العالم 2026"", ""الدوري السعودي 2026"", ""مباريات المنتخب السعودي""]
      },
      {
        ""cluster_name"": ""Logistics & Pricing"",
        ""keywords"": [""أسعار تذاكر"", ""طريقة السحب العشوائي"", ""شروط دخول الملاعب"", ""باقات الضيافة""]
      }
    ],
    ""weaknesses_to_exploit"": [
      ""Competitors lack clear FAQ schemas for SERP real estate"",
      ""Information on 'Random Draw' (السحب العشوائي) is often vague"",
      ""Mobile UX on news sites is cluttered with ads, hindering the 'booking' flow"",
      ""Lack of visual maps for stadium categories""
    ],
    ""differentiation_strategy"": [
      ""Create a 'Booking Checklist' for high-demand matches"",
      ""Include a real-time 'Ticket Status' section (Available/Sold Out/Resale)"",
      ""Provide a direct comparison between hospitality packages and standard tickets"",
      ""Implement a 'How to avoid scams' section for secondary markets""
    ]
  }
}",serp_analysis,2026-03-15T15:13:03.624579,4500
0,6.627,0.0,False,unknown,N/A,0,N/A,STEP_TOTAL: serp_analysis,2026-03-15T15:13:03.626934,0
0,1.935,0.0,False,unknown,"You are a senior SEO intent classifier and title optimizer.

Input:
- Raw topic: منصة حجز تذاكر المباريات
- Primary keyword: حجز تذاكر مباريات السعودية
- Language: ar
- Current Year: 2026
- Top SERP titles: ['كيفية حجز تذاكر مباريات المنتخب السعودي في كأس العالم 2026: التواريخ والمباريات والأسعار والمزيد ([goal.com](https://www.goal.com/ar/%D8%A3%D8%AE%D8%A8%D8%A7%D8%B1/%D8%AA%D8%B0%D8%A7%D9%83%D8%B1-%D9%83%D8%A3%D8%B3-%D8%A7%D9%84%D8%B9%D8%A7%D9%84%D9%85-%D9%85%D9%86%D8%AA%D8%AE%D8%A8-%D8%A7%D9%84%D8%B3%D8%B9%D9%88%D8%AF%D9%8A%D8%A9/blt47e60f6b5e17bbe7))', 'كيفية حجز تذاكر مباريات السعودية في كأس العالم 2026: الأسعار والمواعيد والجدول الكامل ([kooora.com](https://www.kooora.com/%D9%83%D8%B1%D8%A9-%D9%82%D8%AF%D9%85/%D8%A3%D8%AE%D8%A8%D8%A7%D8%B1/%D8%AA%D8%B0%D8%A7%D9%83%D8%B1-%D9%85%D8%A8%D8%A7%D8%B1%D9%8A%D8%A7%D8%AA-%D8%A7%D9%84%D8%B3%D8%B9%D9%88%D8%AF%D9%8A%D8%A9-%D9%81%D9%8A-%D9%83%D8%A7%D9%94%D8%B3-%D8%A7%D9%84%D8%B9%D8%A7%D9%84%D9%85/blt47e60f6b5e17bbe7))', 'منصة حجز تذاكر المباريات وأسعار تذاكر الدوري السعودي 2026 – 1447 (تم التحديث) ([capsulaa.sa](https://www.capsulaa.sa/saudi-arabia-services/%D9%85%D9%86%D8%B5%D8%A9-%D8%AD%D8%AC%D8%B2-%D8%AA%D8%B0%D8%A7%D9%83%D8%B1-%D8%A7%D9%84%D9%85%D8%A8%D8%A7%D8%B1%D9%8A%D8%A7%D8%AA-%D9%83%D9%85-%D8%A7%D8%B3%D8%B9%D8%A7%D8%B1-%D8%AA%D8%B0%D8%A7%D9%83/))']
- SERP CTA styles: ['aggressive', 'aggressive', 'soft commercial']
- Target Area: الرياض السعوديه العربيه 

Task:
1. Classify intent from SERP-first signals:
   - Title framing pattern
   - CTA style distribution
   - Service-vs-guide wording
2. If >60% of SERP signals point to one intent, that intent MUST override raw topic.
3. Generate one optimized H1 aligned to detected intent.

Allowed intents:
- commercial → evaluating services, looking for best options, ready to act, ready to buy
- informational → learning
- comparative  → comparing options, looking for best options

Title rules:
- 60–70 characters
- Must include the primary keyword exactly
- Must match article language
- If area is provided, include it naturally
-  For commercial intent **YEAR INCLUSION (MANDATORY)**: You MUST include the current year (2026) naturally in the title to indicate freshness (e.g., ""Best Web Design Agency in 2026"" or ""Top Services 2026"").
- No clickbait, no keyword stuffing.
- **TOPIC BOUNDARY**: Do NOT add secondary concepts or industry buzzwords unless they are specifically mentioned in the **Raw topic** or **Primary keyword**.
- Focus 100% on the **Primary keyword** service.
- No markdown
- No extra text

Return STRICT JSON only:
{
  ""intent"": ""commercial | informational | comparative"",
  ""confidence"": 0.0,
  ""optimized_title"": """"
}",0,"{
  ""optimized_title"": ""دليل حجز تذاكر مباريات السعودية 2026: المنصات والأسعار والخطوات"",
  ""intent"": ""informational"",
  ""metadata"": {
    ""duration"": 1.9353406429290771,
    ""model"": ""google/gemini-3-flash-preview"",
    ""prompt"": ""You are a senior SEO intent classifier and title optimizer.\n\nInput:\n- Raw topic: منصة حجز تذاكر المباريات\n- Primary keyword: حجز تذاكر مباريات السعودية\n- Language: ar\n- Current Year: 2026\n- Top SERP titles: ['كيفية حجز تذاكر مباريات المنتخب السعودي في كأس العالم 2026: التواريخ والمباريات والأسعار والمزيد ([goal.com](https://www.goal.com/ar/%D8%A3%D8%AE%D8%A8%D8%A7%D8%B1/%D8%AA%D8%B0%D8%A7%D9%83%D8%B1-%D9%83%D8%A3%D8%B3-%D8%A7%D9%84%D8%B9%D8%A7%D9%84%D9%85-%D9%85%D9%86%D8%AA%D8%AE%D8%A8-%D8%A7%D9%84%D8%B3%D8%B9%D9%88%D8%AF%D9%8A%D8%A9/blt47e60f6b5e17bbe7))', 'كيفية حجز تذاكر مباريات السعودية في كأس العالم 2026: الأسعار والمواعيد والجدول الكامل ([kooora.com](https://www.kooora.com/%D9%83%D8%B1%D8%A9-%D9%82%D8%AF%D9%85/%D8%A3%D8%AE%D8%A8%D8%A7%D8%B1/%D8%AA%D8%B0%D8%A7%D9%83%D8%B1-%D9%85%D8%A8%D8%A7%D8%B1%D9%8A%D8%A7%D8%AA-%D8%A7%D9%84%D8%B3%D8%B9%D9%88%D8%AF%D9%8A%D8%A9-%D9%81%D9%8A-%D9%83%D8%A7%D9%94%D8%B3-%D8%A7%D9%84%D8%B9%D8%A7%D9%84%D9%85/blt47e60f6b5e17bbe7))', 'منصة حجز تذاكر المباريات وأسعار تذاكر الدوري السعودي 2026 – 1447 (تم التحديث) ([capsulaa.sa](https://www.capsulaa.sa/saudi-arabia-services/%D9%85%D9%86%D8%B5%D8%A9-%D8%AD%D8%AC%D8%B2-%D8%AA%D8%B0%D8%A7%D9%83%D8%B1-%D8%A7%D9%84%D9%85%D8%A8%D8%A7%D8%B1%D9%8A%D8%A7%D8%AA-%D9%83%D9%85-%D8%A7%D8%B3%D8%B9%D8%A7%D8%B1-%D8%AA%D8%B0%D8%A7%D9%83/))']\n- SERP CTA styles: ['aggressive', 'aggressive', 'soft commercial']\n- Target Area: الرياض السعوديه العربيه \n\nTask:\n1. Classify intent from SERP-first signals:\n   - Title framing pattern\n   - CTA style distribution\n   - Service-vs-guide wording\n2. If >60% of SERP signals point to one intent, that intent MUST override raw topic.\n3. Generate one optimized H1 aligned to detected intent.\n\nAllowed intents:\n- commercial → evaluating services, looking for best options, ready to act, ready to buy\n- informational → learning\n- comparative  → comparing options, looking for best options\n\nTitle rules:\n- 60–70 characters\n- Must include the primary keyword exactly\n- Must match article language\n- If area is provided, include it naturally\n-  For commercial intent **YEAR INCLUSION (MANDATORY)**: You MUST include the current year (2026) naturally in the title to indicate freshness (e.g., \""Best Web Design Agency in 2026\"" or \""Top Services 2026\"").\n- No clickbait, no keyword stuffing.\n- **TOPIC BOUNDARY**: Do NOT add secondary concepts or industry buzzwords unless they are specifically mentioned in the **Raw topic** or **Primary keyword**.\n- Focus 100% on the **Primary keyword** service.\n- No markdown\n- No extra text\n\nReturn STRICT JSON only:\n{\n  \""intent\"": \""commercial | informational | comparative\"",\n  \""confidence\"": 0.0,\n  \""optimized_title\"": \""\""\n}"",
    ""response"": ""{\n  \""intent\"": \""informational\"",\n  \""confidence\"": 0.85,\n  \""optimized_title\"": \""دليل حجز تذاكر مباريات السعودية 2026: المنصات والأسعار والخطوات\""\n}"",
    ""tokens"": {
      ""prompt_tokens"": 1546,
      ""completion_tokens"": 57,
      ""total_tokens"": 1603
    }
  },
  ""prompt"": ""You are a senior SEO intent classifier and title optimizer.\n\nInput:\n- Raw topic: منصة حجز تذاكر المباريات\n- Primary keyword: حجز تذاكر مباريات السعودية\n- Language: ar\n- Current Year: 2026\n- Top SERP titles: ['كيفية حجز تذاكر مباريات المنتخب السعودي في كأس العالم 2026: التواريخ والمباريات والأسعار والمزيد ([goal.com](https://www.goal.com/ar/%D8%A3%D8%AE%D8%A8%D8%A7%D8%B1/%D8%AA%D8%B0%D8%A7%D9%83%D8%B1-%D9%83%D8%A3%D8%B3-%D8%A7%D9%84%D8%B9%D8%A7%D9%84%D9%85-%D9%85%D9%86%D8%AA%D8%AE%D8%A8-%D8%A7%D9%84%D8%B3%D8%B9%D9%88%D8%AF%D9%8A%D8%A9/blt47e60f6b5e17bbe7))', 'كيفية حجز تذاكر مباريات السعودية في كأس العالم 2026: الأسعار والمواعيد والجدول الكامل ([kooora.com](https://www.kooora.com/%D9%83%D8%B1%D8%A9-%D9%82%D8%AF%D9%85/%D8%A3%D8%AE%D8%A8%D8%A7%D8%B1/%D8%AA%D8%B0%D8%A7%D9%83%D8%B1-%D9%85%D8%A8%D8%A7%D8%B1%D9%8A%D8%A7%D8%AA-%D8%A7%D9%84%D8%B3%D8%B9%D9%88%D8%AF%D9%8A%D8%A9-%D9%81%D9%8A-%D9%83%D8%A7%D9%94%D8%B3-%D8%A7%D9%84%D8%B9%D8%A7%D9%84%D9%85/blt47e60f6b5e17bbe7))', 'منصة حجز تذاكر المباريات وأسعار تذاكر الدوري السعودي 2026 – 1447 (تم التحديث) ([capsulaa.sa](https://www.capsulaa.sa/saudi-arabia-services/%D9%85%D9%86%D8%B5%D8%A9-%D8%AD%D8%AC%D8%B2-%D8%AA%D8%B0%D8%A7%D9%83%D8%B1-%D8%A7%D9%84%D9%85%D8%A8%D8%A7%D8%B1%D9%8A%D8%A7%D8%AA-%D9%83%D9%85-%D8%A7%D8%B3%D8%B9%D8%A7%D8%B1-%D8%AA%D8%B0%D8%A7%D9%83/))']\n- SERP CTA styles: ['aggressive', 'aggressive', 'soft commercial']\n- Target Area: الرياض السعوديه العربيه \n\nTask:\n1. Classify intent from SERP-first signals:\n   - Title framing pattern\n   - CTA style distribution\n   - Service-vs-guide wording\n2. If >60% of SERP signals point to one intent, that intent MUST override raw topic.\n3. Generate one optimized H1 aligned to detected intent.\n\nAllowed intents:\n- commercial → evaluating services, looking for best options, ready to act, ready to buy\n- informational → learning\n- comparative  → comparing options, looking for best options\n\nTitle rules:\n- 60–70 characters\n- Must include the primary keyword exactly\n- Must match article language\n- If area is provided, include it naturally\n-  For commercial intent **YEAR INCLUSION (MANDATORY)**: You MUST include the current year (2026) naturally in the title to indicate freshness (e.g., \""Best Web Design Agency in 2026\"" or \""Top Services 2026\"").\n- No clickbait, no keyword stuffing.\n- **TOPIC BOUNDARY**: Do NOT add secondary concepts or industry buzzwords unless they are specifically mentioned in the **Raw topic** or **Primary keyword**.\n- Focus 100% on the **Primary keyword** service.\n- No markdown\n- No extra text\n\nReturn STRICT JSON only:\n{\n  \""intent\"": \""commercial | informational | comparative\"",\n  \""confidence\"": 0.0,\n  \""optimized_title\"": \""\""\n}""
}",intent_title,2026-03-15T15:13:05.564278,0
0,1.936,0.0,False,unknown,N/A,0,N/A,STEP_TOTAL: intent_title,2026-03-15T15:13:05.564278,0
0,0.0,0.0,False,unknown,N/A,0,N/A,STEP_TOTAL: style_analysis,2026-03-15T15:13:05.564278,0
971,6.486,0.0,False,unknown,"You are an Elite SEO Content Strategist.

Inputs:
- Primary Keyword: حجز تذاكر مباريات السعودية
- Intent: transactional / informational hybrid (searchers want to buy tickets but need the 'how-to' guide first)
- Content Type: brand_commercial
- Target Area: الرياض السعوديه العربيه 
- SERP Intelligence: {""content_gaps"": [""Step-by-step troubleshooting for Webook platform errors"", ""Detailed breakdown of stadium seating categories (Standard vs Premium vs Hospitality)"", ""Specific instructions for international fans vs local residents"", ""Last-minute ticket resale legalities and safe platforms""], ""structural_patterns"": [""Use of 'Updated 2024/2026' in titles to signal freshness"", ""Bullet points for match schedules"", ""Tables for pricing tiers"", ""Direct links to official booking apps (Webook, Sahat)""], ""keyword_clusters"": [{""cluster_name"": ""Official Platforms"", ""keywords"": [""\u0645\u0646\u0635\u0629 Webook"", ""\u0645\u0628\u064a\u0639\u0627\u062a \u0627\u0644\u0644\u062d\u0638\u0629 \u0627\u0644\u0623\u062e\u064a\u0631\u0629"", ""\u0645\u0646\u0635\u0627\u062a \u0625\u0639\u0627\u062f\u0629 \u0628\u064a\u0639 \u0627\u0644\u062a\u0630\u0627\u0643\u0631""]}, {""cluster_name"": ""Event Specifics"", ""keywords"": [""\u0643\u0623\u0633 \u0627\u0644\u0639\u0627\u0644\u0645 2026"", ""\u0627\u0644\u062f\u0648\u0631\u064a \u0627\u0644\u0633\u0639\u0648\u062f\u064a 2026"", ""\u0645\u0628\u0627\u0631\u064a\u0627\u062a \u0627\u0644\u0645\u0646\u062a\u062e\u0628 \u0627\u0644\u0633\u0639\u0648\u062f\u064a""]}, {""cluster_name"": ""Logistics & Pricing"", ""keywords"": [""\u0623\u0633\u0639\u0627\u0631 \u062a\u0630\u0627\u0643\u0631"", ""\u0637\u0631\u064a\u0642\u0629 \u0627\u0644\u0633\u062d\u0628 \u0627\u0644\u0639\u0634\u0648\u0627\u0626\u064a"", ""\u0634\u0631\u0648\u0637 \u062f\u062e\u0648\u0644 \u0627\u0644\u0645\u0644\u0627\u0639\u0628"", ""\u0628\u0627\u0642\u0627\u062a \u0627\u0644\u0636\u064a\u0627\u0641\u0629""]}], ""weaknesses_to_exploit"": [""Competitors lack clear FAQ schemas for SERP real estate"", ""Information on 'Random Draw' (\u0627\u0644\u0633\u062d\u0628 \u0627\u0644\u0639\u0634\u0648\u0627\u0626\u064a) is often vague"", ""Mobile UX on news sites is cluttered with ads, hindering the 'booking' flow"", ""Lack of visual maps for stadium categories""], ""differentiation_strategy"": [""Create a 'Booking Checklist' for high-demand matches"", ""Include a real-time 'Ticket Status' section (Available/Sold Out/Resale)"", ""Provide a direct comparison between hospitality packages and standard tickets"", ""Implement a 'How to avoid scams' section for secondary markets""]}

Task:
Create a practical content strategy that can be directly translated into an outline.
No theory, no generic frameworks, no outline generation.

Rules:
- Stay strictly on primary keyword topic.
- **NO TOPIC HIJACKING**: Do not let secondary features or supporting technologies become the main focus. The **Primary Keyword** is the absolute protagonist. All other concepts must strictly serve the main topic.
- **NO SERVICE HALLUCINATION**: Ignore any data from the brand context that belongs to a different service. Do NOT list the company as a ""full-service agency"" if the keyword is about a specific niche. 
- **STRICT RELEVANCE**: Every single angle, pain point, and section role MUST connect directly to the primary keyword. If it's not about the primary keyword, drop it entirely.
- Use SERP evidence only
- If area exists:
  - Include local differentiation (market behavior, trust factors, payment/regulatory context)
- **NO COMPETITOR MENTIONS (CRITICAL)**: Never name or reference specific competitor brands. Always speak about the protagonist brand's unique advantages vs. generic ""market standards"" or ""alternative methods"".
- PROHIBITED NAMES: 

OUTPUT FORMAT:
You MUST return the output EXACTLY as a valid JSON object. 
Do NOT include any explanations, markdown formatting (like ```json), or introductory text.
Return ONLY this JSON structure:
{
  ""primary_angle"": """",
  ""strategic_positioning"": """",
  ""target_reader_state"": """",
  ""pain_point_focus"": [],
  ""emotional_trigger"": """",
  ""depth_level"": ""intermediate | advanced | comprehensive"",
  ""authority_strategy"": [],
  ""eeat_signals_to_include"": [],
  ""differentiation_focus"": [],
  ""conversion_strategy"": """",
  ""cta_philosophy"": """",
  ""local_strategy"": """",
  ""tone_direction"": """",
  ""section_role_map"": {
    ""introduction"": """",
    ""core_or_benefits"": """",
    ""proof"": """",
    ""process_or_how"": """",
    ""faq"": """",
    ""conclusion"": """"
  }
}


Brand Commercial Specific Rules:
- 70% conversion focus / 30% education
- Service-page architecture
- Clear conversion path (intro CTA bridge -> proof -> close CTA)",2145,"{
  ""primary_angle"": ""الدليل الشامل والمحدث لعام 2024/2026 لحجز تذاكر مباريات السعودية عبر المنصات الرسمية مع حلول تقنية لمشاكل الضغط والانتظار."",
  ""strategic_positioning"": ""المرجع الموثوق والأسرع للمشجع السعودي والدولي الذي يبحث عن تذاكر المباريات الكبرى (المنتخب، الدوري، كؤوس العالم) مع ضمان الأمان وتجنب السوق السوداء."",
  ""target_reader_state"": ""مشجع متحمس يخشى نفاذ التذاكر، يشعر بالارتباك من تعدد المنصات (Webook, Sahat) ويحتاج لخطوات تنفيذية فورية للشراء."",
  ""pain_point_focus"": [
    ""صعوبة التعامل مع طوابير الانتظار الرقمية في منصة Webook"",
    ""غموض آلية السحب العشوائي للمباريات الكبرى"",
    ""الخوف من شراء تذاكر وهمية من منصات إعادة البيع غير الرسمية"",
    ""عدم وضوح الفرق بين فئات التذاكر (Standard vs Hospitality) مقابل السعر""
  ],
  ""emotional_trigger"": ""الاستحقاق والأمان (لا تضيع فرصة تشجيع فريقك من المدرجات بسبب خطأ تقني أو احتيال)."",
  ""depth_level"": ""comprehensive"",
  ""authority_strategy"": [
    ""توفير تحديثات لحظية لمواعيد طرح التذاكر لعام 2024 و2026"",
    ""شرح تقني دقيق لآلية عمل منصات الحجز الرسمية في السعودية"",
    ""تقديم مقارنة تفصيلية لفئات المقاعد بناءً على تجربة المستخدم الواقعية في ملاعب الرياض وجدة""
  ],
  ""eeat_signals_to_include"": [
    ""قائمة مرجعية (Booking Checklist) للتأكد من جاهزية الحساب قبل الطرح"",
    ""توضيح الأنظمة القانونية لإعادة بيع التذاكر في المملكة العربية السعودية"",
    ""خرائط توضيحية لمداخل الملاعب وفئات الضيافة لتعزيز المصداقية""
  ],
  ""differentiation_focus"": [
    ""حلول عملية لمشاكل تعليق الدفع وفشل حجز المقاعد"",
    ""دليل خاص للمشجعين الدوليين القادمين لحضور مباريات في السعودية"",
    ""تسليط الضوء على مبيعات اللحظة الأخيرة الرسمية""
  ],
  ""conversion_strategy"": ""دمج أزرار الحجز المباشر بعد كل شرح لفئة سعرية، مع استخدام 'عداد تنازلي' معنوي لأهمية الحجز المبكر."",
  ""cta_philosophy"": ""توجيهي، عاجل، ومباشر (احجز مقعدك الآن، ابدأ عملية الشراء، تحقق من توفر التذاكر)."",
  ""local_strategy"": ""التركيز على طرق الدفع المحلية (مدى، STC Pay)، والالتزام بتعليمات وزارة الرياضة والاتحاد السعودي لكرة القدم، مع مراعاة ثقافة الحضور الجماهيري في ملاعب الرياض."",
  ""tone_direction"": ""حماسي، عملي، وموثوق (Expert-to-Fan)."",
  ""section_role_map"": {
    ""introduction"": ""إثارة الحماس للمباريات القادمة مع رابط فوري لأحدث التذاكر المتاحة حالياً."",
    ""core_or_benefits"": ""تحليل فئات التذاكر (العادية، الممتازة، الضيافة) وشرح القيمة المضافة لكل فئة."",
    ""proof"": ""عرض قصص نجاح لحجز تذاكر المباريات 'المباعة بالكامل' عبر استراتيجيات التوقيت الصحيح."",
    ""process_or_how"": ""دليل خطوة بخطوة للحجز عبر Webook والتعامل مع السحب العشوائي وحل مشكلات الدفع."",
    ""faq"": ""إجابات حاسمة حول استرجاع المبالغ، تغيير المقاعد، وصلاحية تذاكر إعادة البيع."",
    ""conclusion"": ""تأكيد نهائي على ضرورة الحجز عبر القنوات الرسمية لضمان الدخول وتجنب الاحتيال.""
  }
}",content_strategy,2026-03-15T15:13:12.058683,3116
971,6.49,0.000506,True,google/gemini-3-flash-preview,"You are an Elite SEO Content Strategist.

Inputs:
- Primary Keyword: حجز تذاكر مباريات السعودية
- Intent: transactional / informational hybrid (searchers want to buy tickets but need the 'how-to' guide first)
- Content Type: brand_commercial
- Target Area: الرياض السعوديه العربيه 
- SERP Intelligence: {""content_gaps"": [""Step-by-step troubleshooting for Webook platform errors"", ""Detailed breakdown of stadium seating categories (Standard vs Premium vs Hospitality)"", ""Specific instructions for international fans vs local residents"", ""Last-minute ticket resale legalities and safe platforms""], ""structural_patterns"": [""Use of 'Updated 2024/2026' in titles to signal freshness"", ""Bullet points for match schedules"", ""Tables for pricing tiers"", ""Direct links to official booking apps (Webook, Sahat)""], ""keyword_clusters"": [{""cluster_name"": ""Official Platforms"", ""keywords"": [""\u0645\u0646\u0635\u0629 Webook"", ""\u0645\u0628\u064a\u0639\u0627\u062a \u0627\u0644\u0644\u062d\u0638\u0629 \u0627\u0644\u0623\u062e\u064a\u0631\u0629"", ""\u0645\u0646\u0635\u0627\u062a \u0625\u0639\u0627\u062f\u0629 \u0628\u064a\u0639 \u0627\u0644\u062a\u0630\u0627\u0643\u0631""]}, {""cluster_name"": ""Event Specifics"", ""keywords"": [""\u0643\u0623\u0633 \u0627\u0644\u0639\u0627\u0644\u0645 2026"", ""\u0627\u0644\u062f\u0648\u0631\u064a \u0627\u0644\u0633\u0639\u0648\u062f\u064a 2026"", ""\u0645\u0628\u0627\u0631\u064a\u0627\u062a \u0627\u0644\u0645\u0646\u062a\u062e\u0628 \u0627\u0644\u0633\u0639\u0648\u062f\u064a""]}, {""cluster_name"": ""Logistics & Pricing"", ""keywords"": [""\u0623\u0633\u0639\u0627\u0631 \u062a\u0630\u0627\u0643\u0631"", ""\u0637\u0631\u064a\u0642\u0629 \u0627\u0644\u0633\u062d\u0628 \u0627\u0644\u0639\u0634\u0648\u0627\u0626\u064a"", ""\u0634\u0631\u0648\u0637 \u062f\u062e\u0648\u0644 \u0627\u0644\u0645\u0644\u0627\u0639\u0628"", ""\u0628\u0627\u0642\u0627\u062a \u0627\u0644\u0636\u064a\u0627\u0641\u0629""]}], ""weaknesses_to_exploit"": [""Competitors lack clear FAQ schemas for SERP real estate"", ""Information on 'Random Draw' (\u0627\u0644\u0633\u062d\u0628 \u0627\u0644\u0639\u0634\u0648\u0627\u0626\u064a) is often vague"", ""Mobile UX on news sites is cluttered with ads, hindering the 'booking' flow"", ""Lack of visual maps for stadium categories""], ""differentiation_strategy"": [""Create a 'Booking Checklist' for high-demand matches"", ""Include a real-time 'Ticket Status' section (Available/Sold Out/Resale)"", ""Provide a direct comparison between hospitality packages and standard tickets"", ""Implement a 'How to avoid scams' section for secondary markets""]}

Task:
Create a practical content strategy that can be directly translated into an outline.
No theory, no generic frameworks, no outline generation.

Rules:
- Stay strictly on primary keyword topic.
- **NO TOPIC HIJACKING**: Do not let secondary features or supporting technologies become the main focus. The **Primary Keyword** is the absolute protagonist. All other concepts must strictly serve the main topic.
- **NO SERVICE HALLUCINATION**: Ignore any data from the brand context that belongs to a different service. Do NOT list the company as a ""full-service agency"" if the keyword is about a specific niche. 
- **STRICT RELEVANCE**: Every single angle, pain point, and section role MUST connect directly to the primary keyword. If it's not about the primary keyword, drop it entirely.
- Use SERP evidence only
- If area exists:
  - Include local differentiation (market behavior, trust factors, payment/regulatory context)
- **NO COMPETITOR MENTIONS (CRITICAL)**: Never name or reference specific competitor brands. Always speak about the protagonist brand's unique advantages vs. generic ""market standards"" or ""alternative methods"".
- PROHIBITED NAMES: 

OUTPUT FORMAT:
You MUST return the output EXACTLY as a valid JSON object. 
Do NOT include any explanations, markdown formatting (like ```json), or introductory text.
Return ONLY this JSON structure:
{
  ""primary_angle"": """",
  ""strategic_positioning"": """",
  ""target_reader_state"": """",
  ""pain_point_focus"": [],
  ""emotional_trigger"": """",
  ""depth_level"": ""intermediate | advanced | comprehensive"",
  ""authority_strategy"": [],
  ""eeat_signals_to_include"": [],
  ""differentiation_focus"": [],
  ""conversion_strategy"": """",
  ""cta_philosophy"": """",
  ""local_strategy"": """",
  ""tone_direction"": """",
  ""section_role_map"": {
    ""introduction"": """",
    ""core_or_benefits"": """",
    ""proof"": """",
    ""process_or_how"": """",
    ""faq"": """",
    ""conclusion"": """"
  }
}


Brand Commercial Specific Rules:
- 70% conversion focus / 30% education
- Service-page architecture
- Clear conversion path (intro CTA bridge -> proof -> close CTA)",2145,"{
  ""primary_angle"": ""الدليل الشامل والمحدث لعام 2024/2026 لحجز تذاكر مباريات السعودية عبر المنصات الرسمية مع حلول تقنية لمشاكل الضغط والانتظار."",
  ""strategic_positioning"": ""المرجع الموثوق والأسرع للمشجع السعودي والدولي الذي يبحث عن تذاكر المباريات الكبرى (المنتخب، الدوري، كؤوس العالم) مع ضمان الأمان وتجنب السوق السوداء."",
  ""target_reader_state"": ""مشجع متحمس يخشى نفاذ التذاكر، يشعر بالارتباك من تعدد المنصات (Webook, Sahat) ويحتاج لخطوات تنفيذية فورية للشراء."",
  ""pain_point_focus"": [
    ""صعوبة التعامل مع طوابير الانتظار الرقمية في منصة Webook"",
    ""غموض آلية السحب العشوائي للمباريات الكبرى"",
    ""الخوف من شراء تذاكر وهمية من منصات إعادة البيع غير الرسمية"",
    ""عدم وضوح الفرق بين فئات التذاكر (Standard vs Hospitality) مقابل السعر""
  ],
  ""emotional_trigger"": ""الاستحقاق والأمان (لا تضيع فرصة تشجيع فريقك من المدرجات بسبب خطأ تقني أو احتيال)."",
  ""depth_level"": ""comprehensive"",
  ""authority_strategy"": [
    ""توفير تحديثات لحظية لمواعيد طرح التذاكر لعام 2024 و2026"",
    ""شرح تقني دقيق لآلية عمل منصات الحجز الرسمية في السعودية"",
    ""تقديم مقارنة تفصيلية لفئات المقاعد بناءً على تجربة المستخدم الواقعية في ملاعب الرياض وجدة""
  ],
  ""eeat_signals_to_include"": [
    ""قائمة مرجعية (Booking Checklist) للتأكد من جاهزية الحساب قبل الطرح"",
    ""توضيح الأنظمة القانونية لإعادة بيع التذاكر في المملكة العربية السعودية"",
    ""خرائط توضيحية لمداخل الملاعب وفئات الضيافة لتعزيز المصداقية""
  ],
  ""differentiation_focus"": [
    ""حلول عملية لمشاكل تعليق الدفع وفشل حجز المقاعد"",
    ""دليل خاص للمشجعين الدوليين القادمين لحضور مباريات في السعودية"",
    ""تسليط الضوء على مبيعات اللحظة الأخيرة الرسمية""
  ],
  ""conversion_strategy"": ""دمج أزرار الحجز المباشر بعد كل شرح لفئة سعرية، مع استخدام 'عداد تنازلي' معنوي لأهمية الحجز المبكر."",
  ""cta_philosophy"": ""توجيهي، عاجل، ومباشر (احجز مقعدك الآن، ابدأ عملية الشراء، تحقق من توفر التذاكر)."",
  ""local_strategy"": ""التركيز على طرق الدفع المحلية (مدى، STC Pay)، والالتزام بتعليمات وزارة الرياضة والاتحاد السعودي لكرة القدم، مع مراعاة ثقافة الحضور الجماهيري في ملاعب الرياض."",
  ""tone_direction"": ""حماسي، عملي، وموثوق (Expert-to-Fan)."",
  ""section_role_map"": {
    ""introduction"": ""إثارة الحماس للمباريات القادمة مع رابط فوري لأحدث التذاكر المتاحة حالياً."",
    ""core_or_benefits"": ""تحليل فئات التذاكر (العادية، الممتازة، الضيافة) وشرح القيمة المضافة لكل فئة."",
    ""proof"": ""عرض قصص نجاح لحجز تذاكر المباريات 'المباعة بالكامل' عبر استراتيجيات التوقيت الصحيح."",
    ""process_or_how"": ""دليل خطوة بخطوة للحجز عبر Webook والتعامل مع السحب العشوائي وحل مشكلات الدفع."",
    ""faq"": ""إجابات حاسمة حول استرجاع المبالغ، تغيير المقاعد، وصلاحية تذاكر إعادة البيع."",
    ""conclusion"": ""تأكيد نهائي على ضرورة الحجز عبر القنوات الرسمية لضمان الدخول وتجنب الاحتيال.""
  }
}",STEP_TOTAL: content_strategy,2026-03-15T15:13:12.062377,3116
